Workbook
Name Country: '[1]Country Code'!$B$2:$B$275
Name Country: '[2]Country Code'!$B$2:$B$275
Name country_name: '[3]Arrears (2)'!$D$5:$D$137
Name data: '[3]Arrears (3)'!$F$5:$AX$137
Name Interest_Data: [4]Data!$H$6:$AT$141
Name Interest_GEO: [4]Data!$G$6:$G$141
Name Principal_Data: [4]Data!$H$143:$AT$278
Name Principal_GEO: [4]Data!$G$143:$G$278
Name year: '[3]Arrears (3)'!$F$3:$AX$3
Name Years: [4]Data!$H$3:$AT$3

Sheet 2021 Update
D1: 1960 | E1: 1961 | F1: 1962 | G1: 1963 | H1: 1964 | I1: 1965 | J1: 1966 | K1: 1967 | L1: 1968 | M1: 1969 | N1: 1970 | O1: 1971 | P1: 1972 | Q1: 1973 | R1: 1974 | S1: 1975 | T1: 1976 | U1: 1977 | V1: 1978 | W1: 1979 | X1: 1980 | Y1: 1981 | Z1: 1982 | AA1: 1983 | AB1: 1984 | AC1: 1985 | AD1: 1986 | AE1: 1987 | AF1: 1988 | AG1: 1989 | AH1: 1990 | AI1: 1991 | AJ1: 1992 | AK1: 1993 | AL1: 1994 | AM1: 1995 | AN1: 1996 | AO1: 1997 | AP1: 1998 | AQ1: 1999 | AR1: 2000 | AS1: 2001 | AT1: 2002 | AU1: 2003 | AV1: 2004 | AW1: 2005 | AX1: 2006 | AY1: 2007 | AZ1: 2008 | BA1: 2009 | BB1: 2010 | BC1: 2011 | BD1: 2012 | BE1: 2013 | BF1: 2014 | BG1: 2015 | BH1: 2016 | BI1: 2017 | BJ1: 2018 | BK1: 2019 | BL1: 2020
A2: Database of Sovereign Defaults
A3: Last Update: 08 August 2021
A5: A. Summary Data
A7: Total Debt in Default (US$ mil) by Creditor | D7: 1939.2725 | E7: 3366.897 | F7: 2249.199 | G7: 2108.721 | H7: 3417.533 | I7: 4368.5133 | J7: 2887.0433 | K7: 1851.0025 | L7: 2282.797 | M7: 2094.6905 | N7: 5300.8 | O7: 1199.9573 | P7: 2325.5401 | Q7: 2112.0456 | R7: 3101.9258 | S7: 3302.7902 | T7: 4563.8312 | U7: 10394.387 | V7: 10451.803 | W7: 14525.593 | X7: 11762.299 | Y7: 16414.421 | Z7: 50723.996 | AA7: 110510.34 | AB7: 117361.11 | AC7: 165924.17 | AD7: 246760.85 | AE7: 361336.32 | AF7: 299117.66 | AG7: 356341.13 | AH7: 449573.43 | AI7: 323601.88 | AJ7: 264499.51 | AK7: 315711.56 | AL7: 321413.55 | AM7: 240339.38 | AN7: 261244.19 | AO7: 217894.61 | AP7: 249949.77 | AQ7: 325096.08 | AR7: 261790.37 | AS7: 232672.91 | AT7: 364304.46 | AU7: 379074.39 | AV7: 384857.35 | AW7: 388102.3 | AX7: 257365.36 | AY7: 206220.1 | AZ7: 214644.81 | BA7: 199407.3 | BB7: 209332.8 | BC7: 174147.65 | BD7: 505628.88 | BE7: 526235.69 | BF7: 241500.01 | BG7: 210332.08 | BH7: 253347.94 | BI7: 236268.08 | BJ7: 394269.6 | BK7: 299555.83 | BL7: 443242.81
A8: - IMF | D8: 173 | E8: 53 | F8: 54 | G8: 25.3 | H8: 211 | I8: 188.6 | J8: 114.65 | K8: 40.15 | L8: 16.8 | M8: 3.5 | N8: 0 | O8: 0 | P8: 0 | Q8: 0 | R8: 0 | S8: 15 | T8: 16 | U8: 16 | V8: 85.490921 | W8: 175.26602 | X8: 248.45283 | Y8: 75.360296 | Z8: 115.14141 | AA8: 79.12874 | AB8: 996.90662 | AC8: 3521.1307 | AD8: 5922.9755 | AE8: 5978.3103 | AF8: 6395.0567 | AG8: 6531.8118 | AH8: 6534.8799 | AI8: 6692.8647 | AJ8: 7343.2905 | AK8: 7704.0844 | AL8: 6583.8043 | AM8: 6751.4977 | AN8: 4536.2568 | AO8: 4420.5106 | AP8: 4764.2303 | AQ8: 4803.5749 | AR8: 4751.7214 | AS8: 4659.9129 | AT8: 5160.4344 | AU8: 7912.9579 | AV8: 5154.4813 | AW8: 4734.6625 | AX8: 5250.1633 | AY8: 5692.2667 | AZ8: 5687.0785 | BA8: 4504.0487 | BB8: 4472.028 | BC8: 4510.2778 | BD8: 4550.4051 | BE8: 4599.2703 | BF8: 4361.7412 | BG8: 6428.4168 | BH8: 4114.2037 | BI8: 4238.0298 | BJ8: 4218.77 | BK8: 4267.5 | BL8: 4488
A9: - IBRD | D9: 0 | E9: 0 | F9: 0 | G9: 0 | H9: 0 | I9: 0 | J9: 0 | K9: 30 | L9: 1 | M9: 0 | N9: 0 | O9: 0 | P9: 0 | Q9: 0 | R9: 0 | S9: 0 | T9: 0.3 | U9: 0 | V9: 0 | W9: 0 | X9: 0 | Y9: 0 | Z9: 0 | AA9: 0 | AB9: 0 | AC9: 24 | AD9: 48 | AE9: 250 | AF9: 697 | AG9: 624 | AH9: 1751 | AI9: 1775 | AJ9: 1995.65 | AK9: 1281 | AL9: 1637 | AM9: 2275 | AN9: 2656 | AO9: 2786 | AP9: 2647 | AQ9: 2839 | AR9: 2931 | AS9: 2354 | AT9: 1487 | AU9: 1426 | AV9: 121 | AW9: 880 | AX9: 1019 | AY9: 1186 | AZ9: 795 | BA9: 565 | BB9: 631 | BC9: 701 | BD9: 761 | BE9: 888 | BF9: 852 | BG9: 873 | BH9: 896 | BI9: 919 | BJ9: 954 | BK9: 988 | BL9: 1015
A10: - IDA | D10: 0 | E10: 0 | F10: 0 | G10: 0 | H10: 0 | I10: 0 | J10: 0 | K10: 0 | L10: 0 | M10: 0 | N10: 0 | O10: 0 | P10: 0 | Q10: 0 | R10: 0 | S10: 0 | T10: 0 | U10: 0 | V10: 0 | W10: 0 | X10: 0 | Y10: 1 | Z10: 1 | AA10: 1 | AB10: 2 | AC10: 0 | AD10: 0 | AE10: 0 | AF10: 12 | AG10: 8.372 | AH10: 29 | AI10: 18 | AJ10: 24 | AK10: 39 | AL10: 88 | AM10: 131 | AN10: 181 | AO10: 238 | AP10: 287 | AQ10: 379 | AR10: 469 | AS10: 547 | AT10: 694 | AU10: 597 | AV10: 751 | AW10: 877 | AX10: 1053 | AY10: 1213 | AZ10: 1066 | BA10: 1149 | BB10: 1265 | BC10: 1414 | BD10: 1496 | BE10: 1203 | BF10: 1337 | BG10: 1356 | BH10: 1452 | BI10: 1547 | BJ10: 1665 | BK10: 1758 | BL10: 1848
A11: - Paris Club | D11: 0 | E11: 300 | F11: 270 | G11: 0 | H11: 270 | I11: 297 | J11: 480 | K11: 110 | L11: 484 | M11: 859 | N11: 2112 | O11: 0 | P11: 499 | Q11: 239 | R11: 1304 | S11: 230 | T11: 280 | U11: 260 | V11: 3005 | W11: 3183 | X11: 3700 | Y11: 3664 | Z11: 964 | AA11: 9771 | AB11: 4005 | AC11: 17251 | AD11: 22955 | AE11: 34513.2 | AF11: 18544 | AG11: 27100 | AH11: 25164.8 | AI11: 75066.8 | AJ11: 29060.2 | AK11: 29097.3 | AL11: 35910 | AM11: 47418 | AN11: 79868 | AO11: 23787.7 | AP11: 27404.4 | AQ11: 34999.2 | AR11: 49139.7 | AS11: 68601.6 | AT11: 66727.6 | AU11: 51002.9 | AV11: 101443.1 | AW11: 85121 | AX11: 53009.1 | AY11: 44226 | AZ11: 57362.3 | BA11: 48924.3 | BB11: 53685.3 | BC11: 48027.3 | BD11: 63776.3 | BE11: 44463.3 | BF11: 43938.3 | BG11: 36349.3 | BH11: 36448.2 | BI11: 28091.14 | BJ11: 34883.3 | BK11: 40655.4 | BL11: 44654.917
A12: - China | AR12: 5 | AS12: 580.4 | AT12: 937.5 | AU12: 399.75 | AV12: 51.9 | AW12: 161.5 | AX12: 318.7 | AY12: 1853.2 | AZ12: 69.2 | BA12: 3 | BB12: 9890.9 | BC12: 6264 | BD12: 507 | BE12: 131 | BF12: 1672.7386 | BG12: 43 | BH12: 25243 | BI12: 4783.83 | BJ12: 23109.1 | BK12: 18295.5 | BL12: 22365.365
A13: - Other official creditors | D13: 79.8 | E13: 610.2 | F13: 150.3 | G13: 163.8 | H13: 678.8 | I13: 1690.9 | J13: 997.6 | K13: 126.3 | L13: 743.1 | M13: 333 | N13: 1488.3811 | O13: 197.45555 | P13: 628.63415 | Q13: 691.40032 | R13: 685.59878 | S13: 1444.3304 | T13: 2060.4745 | U13: 9023.5522 | V13: 2685.723 | W13: 3167.7774 | X13: 3723.7618 | Y13: 5452.0248 | Z13: 7177.8301 | AA13: 8362.3397 | AB13: 11332.663 | AC13: 16720.047 | AD13: 28512.303 | AE13: 24646.309 | AF13: 35942.365 | AG13: 68217.25 | AH13: 58854.672 | AI13: 52366.121 | AJ13: 52919.068 | AK13: 65795.473 | AL13: 110712.85 | AM13: 76981.776 | AN13: 76073.844 | AO13: 96863.213 | AP13: 99648.921 | AQ13: 117134.93 | AR13: 119709.16 | AS13: 71732.682 | AT13: 146897.62 | AU13: 158433 | AV13: 117740.51 | AW13: 146663.31 | AX13: 124103.63 | AY13: 93323.617 | AZ13: 88817.778 | BA13: 81495.795 | BB13: 88030.089 | BC13: 76400.488 | BD13: 76894.62 | BE13: 432386.13 | BF13: 113209.9 | BG13: 82540.103 | BH13: 85198.581 | BI13: 93246.171 | BJ13: 201565.75 | BK13: 90607.906 | BL13: 102031.62
A14: - FC bank loans | D14: 1 | E14: 363.5 | F14: 15 | G14: 50 | H14: 106 | I14: 130.9 | J14: 24 | K14: 27 | L14: 104 | M14: 19 | N14: 636.7 | O14: 0 | P14: 160 | Q14: 30 | R14: 0 | S14: 0 | T14: 1357 | U14: 0 | V14: 2481 | W14: 5101 | X14: 2088 | Y14: 4906.677 | Z14: 36070.5 | AA14: 84034.222 | AB14: 83966.779 | AC14: 120229.71 | AD14: 148729 | AE14: 223151.16 | AF14: 218797.44 | AG14: 230760.04 | AH14: 264115.65 | AI14: 147940.42 | AJ14: 149550.31 | AK14: 177428.32 | AL14: 140851.65 | AM14: 85418.056 | AN14: 77310.575 | AO14: 72931.334 | AP14: 32355.216 | AQ14: 25417.571 | AR14: 25671.567 | AS14: 26203.61 | AT14: 30528.447 | AU14: 32058.155 | AV14: 33409.469 | AW14: 30049.152 | AX14: 32362.477 | AY14: 17796.894 | AZ14: 16650.2 | BA14: 17678.936 | BB14: 18562.798 | BC14: 18214.653 | BD14: 18638.767 | BE14: 15344.653 | BF14: 14832.869 | BG14: 14993.653 | BH14: 13877.842 | BI14: 15382.833 | BJ14: 16718.306 | BK14: 14933.48 | BL14: 15206.562
A15: - FC bonds | D15: 1349.4725 | E15: 1407.387 | F15: 1387.089 | G15: 1325.811 | H15: 1356.923 | I15: 1572.3033 | J15: 1270.7933 | K15: 1227.5525 | L15: 858.89697 | M15: 879.19049 | N15: 817.95937 | O15: 857.74494 | P15: 845.09011 | Q15: 859.21325 | R15: 878.26737 | S15: 842.10772 | T15: 333.83855 | U15: 303.336 | V15: 330.7626 | W15: 369.79381 | X15: 374.84082 | Y15: 775.9307 | Z15: 663.52068 | AA15: 618.68545 | AB15: 660.88179 | AC15: 662.02948 | AD15: 302.22942 | AE15: 5499.1958 | AF15: 5792.6 | AG15: 2219.8 | AH15: 483 | AI15: 578.65432 | AJ15: 2230.3913 | AK15: 1636.9195 | AL15: 1000.0201 | AM15: 131.13624 | AN15: 125.53995 | AO15: 82.060765 | AP15: 29872.001 | AQ15: 39856.934 | AR15: 44976.572 | AS15: 44684.467 | AT15: 97585.789 | AU15: 105379.41 | AV15: 103532.77 | AW15: 107685.12 | AX15: 29616.057 | AY15: 32464.696 | AZ15: 35747.845 | BA15: 36631.764 | BB15: 15818.305 | BC15: 13956.179 | BD15: 327570.9 | BE15: 15253.146 | BF15: 46554.26 | BG15: 64741.379 | BH15: 74589.081 | BI15: 75277.451 | BJ15: 88023.41 | BK15: 102496.71 | BL15: 224737.68
A16: - Other private creditors | D16: 225 | E16: 306.81 | F16: 248.81 | G16: 413.81 | H16: 272.81 | I16: 341.81 | J16: 0 | K16: 0 | L16: 75 | M16: 1 | N16: 133.75961 | O16: 144.75685 | P16: 192.81581 | Q16: 292.43199 | R16: 234.05966 | S16: 311.35206 | T16: 360.21817 | U16: 789.49837 | V16: 1393.8268 | W16: 1470.7554 | X16: 1298.2433 | Y16: 1500.9256 | Z16: 2913.9575 | AA16: 3173.8114 | AB16: 5490.0446 | AC16: 6755.0392 | AD16: 8395.1258 | AE16: 11952.939 | AF16: 12598.194 | AG16: 17774.854 | AH16: 27069.428 | AI16: 29698.02 | AJ16: 21126.599 | AK16: 25756.467 | AL16: 24626.22 | AM16: 21100.913 | AN16: 20350.979 | AO16: 16691.79 | AP16: 15930.998 | AQ16: 14975.864 | AR16: 13992.64 | AS16: 11480.242 | AT16: 10334.064 | AU16: 11312.215 | AV16: 12125.123 | AW16: 10631.559 | AX16: 10080.232 | AY16: 8089.4215 | AZ16: 8115.4073 | BA16: 8011.4571 | BB16: 10145.377 | BC16: 4547.7544 | BD16: 11334.882 | BE16: 3716.1945 | BF16: 14239.199 | BG16: 3004.2292 | BH16: 11271.031 | BI16: 12779.625 | BJ16: 17179.962 | BK16: 21371.335 | BL16: 21821.663
A17: - LC debt | D17: 111 | E17: 326 | F17: 124 | G17: 130 | H17: 522 | I17: 147 | J17: 0 | K17: 290 | L17: 0 | M17: 0 | N17: 112 | O17: 0 | P17: 0 | Q17: 0 | R17: 0 | S17: 460 | T17: 156 | U17: 2 | V17: 470 | W17: 1058 | X17: 329 | Y17: 38.50237 | Z17: 2818.0458 | AA17: 4470.1558 | AB17: 10906.831 | AC17: 761.21131 | AD17: 31896.211 | AE17: 55345.211 | AF17: 339 | AG17: 3105 | AH17: 65571 | AI17: 9466 | AJ17: 250 | AK17: 6973 | AL17: 4 | AM17: 132 | AN17: 142 | AO17: 94 | AP17: 37040 | AQ17: 84690 | AR17: 144 | AS17: 1829 | AT17: 3952 | AU17: 10553 | AV17: 10528 | AW17: 1299 | AX17: 553 | AY17: 375 | AZ17: 334 | BA17: 444 | BB17: 6832 | BC17: 112 | BD17: 99 | BE17: 8251 | BF17: 502 | BG17: 3 | BH17: 258 | BI17: 3 | BJ17: 5952 | BK17: 4182 | BL17: 5074
A19: Identified domestic arrears | AW19: 4393.1216 | AX19: 4381.0383 | AY19: 7186.2114 | AZ19: 15208.919 | BA19: 18297.853 | BB19: 13293.276 | BC19: 12757.182 | BD19: 12220.196 | BE19: 12204.051 | BF19: 18775.367 | BG19: 25260.774 | BH19: 32500.677 | BI19: 46026.576 | BJ19: 143570.62 | BK19: 157078.15 | BL19: 152866
A21: Total Debt in Default (US$ mil) by Debtor | D21: 1939.2725 | E21: 3366.897 | F21: 2249.199 | G21: 2108.721 | H21: 3417.533 | I21: 4368.5133 | J21: 2887.0433 | K21: 1851.0025 | L21: 2282.797 | M21: 2094.6905 | N21: 5300.8 | O21: 1199.9573 | P21: 2325.5401 | Q21: 2112.0456 | R21: 3101.9258 | S21: 3302.7902 | T21: 4563.8312 | U21: 10394.387 | V21: 10451.803 | W21: 14525.593 | X21: 11762.299 | Y21: 16414.421 | Z21: 50723.996 | AA21: 110510.34 | AB21: 117361.11 | AC21: 165924.17 | AD21: 246760.85 | AE21: 361336.32 | AF21: 299117.66 | AG21: 356341.13 | AH21: 449573.43 | AI21: 323601.88 | AJ21: 264499.51 | AK21: 315711.56 | AL21: 321413.55 | AM21: 240339.38 | AN21: 261244.19 | AO21: 217894.61 | AP21: 249949.77 | AQ21: 325096.08 | AR21: 261790.37 | AS21: 232672.91 | AT21: 364304.46 | AU21: 379074.39 | AV21: 384857.35 | AW21: 388102.3 | AX21: 257365.36 | AY21: 206220.1 | AZ21: 214644.81 | BA21: 199407.3 | BB21: 209332.8 | BC21: 174147.65 | BD21: 505628.88 | BE21: 526235.69 | BF21: 241500.01 | BG21: 210332.08 | BH21: 253347.94 | BI21: 236268.08 | BJ21: 394269.6 | BK21: 299555.83 | BL21: 443242.81
A22: - Advanced economies | D22: 368.6016 | E22: 377.7548 | F22: 386.908 | G22: 301.0812 | H22: 307.6444 | I22: 314.2076 | J22: 0 | K22: 0 | L22: 0 | M22: 0 | N22: 0 | O22: 0 | P22: 0 | Q22: 0 | R22: 0 | S22: 0 | T22: 0 | U22: 0 | V22: 0 | W22: 0 | X22: 0 | Y22: 0 | Z22: 0 | AA22: 0 | AB22: 0 | AC22: 0 | AD22: 0 | AE22: 0 | AF22: 0 | AG22: 0 | AH22: 0 | AI22: 0 | AJ22: 0 | AK22: 0 | AL22: 0 | AM22: 0 | AN22: 0 | AO22: 0 | AP22: 0 | AQ22: 0 | AR22: 0 | AS22: 0 | AT22: 0 | AU22: 0 | AV22: 0 | AW22: 0 | AX22: 0 | AY22: 0 | AZ22: 0 | BA22: 0 | BB22: 0 | BC22: 0 | BD22: 312420 | BE22: 355519.24 | BF22: 0 | BG22: 3325 | BH22: 25904 | BI22: 46602 | BJ22: 160889 | BK22: 53300 | BL22: 56649
A23: - Emerging/frontier markets | D23: 802.26342 | E23: 1957.0106 | F23: 1089.4578 | G23: 855.80502 | H23: 1556.6522 | I23: 2261.3994 | J23: 1832.8466 | K23: 1378.8096 | L23: 1778.7252 | M23: 1901.3312 | N23: 5103.8641 | O23: 1005.6962 | P23: 1948.4586 | Q23: 1599.0875 | R23: 2337.3986 | S23: 2118.6881 | T23: 2269.9905 | U23: 7833.142 | V23: 5855.8979 | W23: 6927.8414 | X23: 5105.1173 | Y23: 9743.5088 | Z23: 40009.367 | AA23: 96800.328 | AB23: 100760.51 | AC23: 140043.27 | AD23: 212848.47 | AE23: 318029.14 | AF23: 247219.96 | AG23: 290978.5 | AH23: 381340.67 | AI23: 247349.17 | AJ23: 189388.67 | AK23: 234545.32 | AL23: 218727.6 | AM23: 115593.5 | AN23: 149493.1 | AO23: 113515.46 | AP23: 145940.2 | AQ23: 233604.5 | AR23: 170808.06 | AS23: 134274.81 | AT23: 263908 | AU23: 278664.51 | AV23: 273458.65 | AW23: 270286.27 | AX23: 151037.9 | AY23: 110147.28 | AZ23: 99716.075 | BA23: 95673.085 | BB23: 86610.31 | BC23: 59552.099 | BD23: 67587.755 | BE23: 68495.041 | BF23: 111974.57 | BG23: 109749.07 | BH23: 121389.12 | BI23: 88312.831 | BJ23: 122076.47 | BK23: 137032.82 | BL23: 264485.29
A24: - HIPC countries | D24: 454.347 | E24: 491.8 | F24: 488.2305 | G24: 659.961 | H24: 855.0915 | I24: 1005.022 | J24: 562.555 | K24: 156.298 | L24: 459.891 | M24: 161.834 | N24: 92.152326 | O24: 121.41453 | P24: 306.17158 | Q24: 440.96369 | R24: 672.22876 | S24: 738.90142 | T24: 1761.0254 | U24: 1977.0526 | V24: 3889.8862 | W24: 6201.8154 | X24: 5620.7477 | Y24: 5313.0614 | Z24: 8202.9361 | AA24: 8572.0032 | AB24: 8847.8928 | AC24: 13529.727 | AD24: 14283.04 | AE24: 20219.657 | AF24: 22253.351 | AG24: 30711.913 | AH24: 32247.259 | AI24: 33366.379 | AJ24: 37730.305 | AK24: 40896.807 | AL24: 49667.452 | AM24: 51320.209 | AN24: 45665.461 | AO24: 44455.963 | AP24: 44556.688 | AQ24: 30628.288 | AR24: 32792.349 | AS24: 35788.531 | AT24: 48044.466 | AU24: 41694.421 | AV24: 48990.608 | AW24: 41494.635 | AX24: 45994.139 | AY24: 31689.93 | AZ24: 29193.869 | BA24: 26003.619 | BB24: 27581.434 | BC24: 17527.444 | BD24: 16541.645 | BE24: 13171.152 | BF24: 12286.51 | BG24: 14202.511 | BH24: 15106.191 | BI24: 21625.505 | BJ24: 24441.918 | BK24: 23872.773 | BL24: 25746.876
A25: - Other developing countries | D25: 314.0605 | E25: 540.3316 | F25: 284.6027 | G25: 291.8738 | H25: 698.1449 | I25: 787.88427 | J25: 491.64173 | K25: 315.89487 | L25: 44.180786 | M25: 31.525305 | N25: 104.78358 | O25: 72.846636 | P25: 70.909897 | Q25: 71.994318 | R25: 92.298421 | S25: 445.20072 | T25: 532.81528 | U25: 584.19202 | V25: 706.01932 | W25: 1395.9358 | X25: 1036.4337 | Y25: 1357.8506 | Z25: 2511.6924 | AA25: 5138.0125 | AB25: 7752.7024 | AC25: 12351.172 | AD25: 19629.34 | AE25: 23087.525 | AF25: 29644.348 | AG25: 34650.711 | AH25: 35985.5 | AI25: 42886.334 | AJ25: 37380.53 | AK25: 40269.432 | AL25: 53018.492 | AM25: 73425.671 | AN25: 66085.636 | AO25: 59923.189 | AP25: 59452.876 | AQ25: 60863.289 | AR25: 58189.96 | AS25: 62609.572 | AT25: 52351.989 | AU25: 58715.464 | AV25: 62408.09 | AW25: 76321.4 | AX25: 60333.317 | AY25: 64382.888 | AZ25: 85734.866 | BA25: 77730.597 | BB25: 95141.053 | BC25: 97068.109 | BD25: 109079.48 | BE25: 89050.261 | BF25: 117238.93 | BG25: 83055.503 | BH25: 90948.629 | BI25: 79727.743 | BJ25: 86862.212 | BK25: 85350.238 | BL25: 96361.648
A26: - Ex AEs | D26: 1570.6709 | E26: 2989.1422 | F26: 1862.291 | G26: 1807.6398 | H26: 3109.8886 | I26: 4054.3057 | J26: 2887.0433 | K26: 1851.0025 | L26: 2282.797 | M26: 2094.6905 | N26: 5300.8 | O26: 1199.9573 | P26: 2325.5401 | Q26: 2112.0456 | R26: 3101.9258 | S26: 3302.7902 | T26: 4563.8312 | U26: 10394.387 | V26: 10451.803 | W26: 14525.593 | X26: 11762.299 | Y26: 16414.421 | Z26: 50723.996 | AA26: 110510.34 | AB26: 117361.11 | AC26: 165924.17 | AD26: 246760.85 | AE26: 361336.32 | AF26: 299117.66 | AG26: 356341.13 | AH26: 449573.43 | AI26: 323601.88 | AJ26: 264499.51 | AK26: 315711.56 | AL26: 321413.55 | AM26: 240339.38 | AN26: 261244.19 | AO26: 217894.61 | AP26: 249949.77 | AQ26: 325096.08 | AR26: 261790.37 | AS26: 232672.91 | AT26: 364304.46 | AU26: 379074.39 | AV26: 384857.35 | AW26: 388102.3 | AX26: 257365.36 | AY26: 206220.1 | AZ26: 214644.81 | BA26: 199407.3 | BB26: 209332.8 | BC26: 174147.65 | BD26: 193208.88 | BE26: 170716.45 | BF26: 241500.01 | BG26: 207007.08 | BH26: 227443.94 | BI26: 189666.08 | BJ26: 233380.6 | BK26: 246255.83 | BL26: 386593.81
A28: Default Rates (%)
A29: - % of all Sovereigns | D29: 12.698413 | E29: 12.5 | F29: 11.764706 | G29: 12.408759 | H29: 13.475177 | I29: 16.551724 | J29: 11.409396 | K29: 12.666667 | L29: 12.337662 | M29: 10.967742 | N29: 21.656051 | O29: 24.223602 | P29: 29.192547 | Q29: 30.864198 | R29: 30.06135 | S29: 32.352941 | T29: 35.260116 | U29: 32.947977 | V29: 36.363636 | W29: 35.714286 | X29: 38.797814 | Y29: 41.621622 | Z29: 44.324324 | AA29: 45.698925 | AB29: 47.058824 | AC29: 46.524064 | AD29: 49.468085 | AE29: 48.404255 | AF29: 49.73545 | AG29: 52.380952 | AH29: 53.191489 | AI29: 48.792271 | AJ29: 52.403846 | AK29: 53.809524 | AL29: 54.028436 | AM29: 53.080569 | AN29: 53.554502 | AO29: 52.606635 | AP29: 53.554502 | AQ29: 52.132701 | AR29: 52.132701 | AS29: 52.606635 | AT29: 51.886792 | AU29: 51.886792 | AV29: 50 | AW29: 50.471698 | AX29: 47.887324 | AY29: 48.826291 | AZ29: 49.065421 | BA29: 47.196262 | BB29: 45.581395 | BC29: 47.906977 | BD29: 48.837209 | BE29: 49.302326 | BF29: 43.72093 | BG29: 46.046512 | BH29: 44.651163 | BI29: 46.046512 | BJ29: 44.186047 | BK29: 41.395349 | BL29: 41.395349
A30: - % of Paris Club Loans | AZ30: 17.373933 | BA30: 14.28793 | BB30: 15.214765 | BC30: 11.591334 | BD30: 16.028747 | BE30: 11.915696 | BF30: 14.453388 | BG30: 11.687878 | BH30: 12.109037 | BI30: 8.9748051 | BJ30: 11.074063 | BK30: 12.825047 | BL30: 12.758548
A31: - % of China Bilateral Offical Loans | AR31: 0.092200668 | AS31: 11.622299 | AT31: 19.689557 | AU31: 8.0103182 | AV31: 0.9153355 | AW31: 2.4194836 | AX31: 3.8602248 | AY31: 18.0691 | AZ31: 0.50069682 | BA31: 0.013960215 | BB31: 29.43176 | BC31: 14.381882 | BD31: 0.97658678 | BE31: 0.19558375 | BF31: 2.0612004 | BG31: 0.048840734 | BH31: 23.24818 | BI31: 3.6612046 | BJ31: 15.962667 | BK31: 12.405074 | BL31: 14.910243
A32: - % of World Public Debt | X32: 0.52790722 | Y32: 0.6839265 | Z32: 1.9224274 | AA32: 5.4085497 | AB32: 3.5688511 | AC32: 4.0841321 | AD32: 5.0663193 | AE32: 6.1313758 | AF32: 4.764663 | AG32: 5.5798977 | AH32: 6.1148712 | AI32: 3.6839092 | AJ32: 2.7554574 | AK32: 2.9019931 | AL32: 2.5910811 | AM32: 1.7757455 | AN32: 1.85253 | AO32: 1.5456749 | AP32: 1.5888132 | AQ32: 1.5491038 | AR32: 1.2402825 | AS32: 1.0589688 | AT32: 1.5642284 | AU32: 1.4224049 | AV32: 1.2452675 | AW32: 1.1978682 | AX32: 0.77875078 | AY32: 0.57974705 | AZ32: 0.52403612 | BA32: 0.44115484 | BB32: 0.41146606 | BC32: 0.30429004 | BD32: 0.8496553 | BE32: 0.87346471 | BF32: 0.38862022 | BG32: 0.35328422 | BH32: 0.40005083 | BI32: 0.35655781 | BJ32: 0.55813972 | BK32: 0.40998202 | BL32: 0.53871042
A33: - % of Emerging/Other Developing GDP (ex-China) | X33: 0.49065963 | Y33: 0.64656745 | Z33: 2.1170282 | AA33: 4.7510896 | AB33: 5.0695942 | AC33: 7.0098932 | AD33: 10.088342 | AE33: 13.392747 | AF33: 10.208794 | AG33: 11.149597 | AH33: 9.4112085 | AI33: 7.437414 | AJ33: 7.2864878 | AK33: 7.8127088 | AL33: 7.1760114 | AM33: 4.7432283 | AN33: 4.6526125 | AO33: 3.6781669 | AP33: 4.449088 | AQ33: 6.0776982 | AR33: 4.4704639 | AS33: 4.0276096 | AT33: 6.4867283 | AU33: 5.9967344 | AV33: 5.1020544 | AW33: 4.2817064 | AX33: 2.409054 | AY33: 1.5844308 | AZ33: 1.4010471 | BA33: 1.4328605 | BB33: 1.2447408 | BC33: 0.89583964 | BD33: 0.9688822 | BE33: 0.82780328 | BF33: 1.1680374 | BG33: 1.1252749 | BH33: 1.2449116 | BI33: 0.95310383 | BJ33: 1.1365906 | BK33: 1.1709694 | BL33: 2.0114434
A34: - % of World GDP | D34: 0.14207125 | E34: 0.23710542 | F34: 0.14748846 | G34: 0.12873755 | H34: 0.18986295 | I34: 0.22288333 | J34: 0.13586086 | K34: 0.081794187 | L34: 0.093518925 | M34: 0.077956475 | N34: 0.17962725 | O34: 0.036799683 | P34: 0.061856766 | Q34: 0.046104614 | R34: 0.058718182 | S34: 0.056135585 | T34: 0.07127811 | U34: 0.1435353 | V34: 0.12257124 | W34: 0.14661676 | X34: 0.10497288 | Y34: 0.14294238 | Z34: 0.4503262 | AA34: 0.95519173 | AB34: 0.97914641 | AC34: 1.326795 | AD34: 1.6729236 | AE34: 2.1270585 | AF34: 1.5667897 | AG34: 1.7745661 | AH34: 1.902762 | AI34: 1.3233916 | AJ34: 1.0451249 | AK34: 1.2143788 | AL34: 1.1501963 | AM34: 0.77155861 | AN34: 0.81595101 | AO34: 0.68239416 | AP34: 0.78660132 | AQ34: 0.98820428 | AR34: 0.77029571 | AS34: 0.69002853 | AT34: 1.0452917 | AU34: 0.96903617 | AV34: 0.87410596 | AW34: 0.81379189 | AX34: 0.4982732 | AY34: 0.3537488 | AZ34: 0.33574154 | BA34: 0.32918877 | BB34: 0.31601704 | BC34: 0.23685814 | BD34: 0.67497412 | BE34: 0.68267706 | BF34: 0.30509643 | BG34: 0.28068015 | BH34: 0.33265711 | BI34: 0.29228911 | BJ34: 0.45902202 | BK34: 0.34295586 | BL34: 0.52431385
A36: Total Number of Sovereigns | D36: 126 | E36: 128 | F36: 136 | G36: 137 | H36: 141 | I36: 145 | J36: 149 | K36: 150 | L36: 154 | M36: 155 | N36: 157 | O36: 161 | P36: 161 | Q36: 162 | R36: 163 | S36: 170 | T36: 173 | U36: 173 | V36: 176 | W36: 182 | X36: 183 | Y36: 185 | Z36: 185 | AA36: 186 | AB36: 187 | AC36: 187 | AD36: 188 | AE36: 188 | AF36: 189 | AG36: 189 | AH36: 188 | AI36: 207 | AJ36: 208 | AK36: 210 | AL36: 211 | AM36: 211 | AN36: 211 | AO36: 211 | AP36: 211 | AQ36: 211 | AR36: 211 | AS36: 211 | AT36: 212 | AU36: 212 | AV36: 212 | AW36: 212 | AX36: 213 | AY36: 213 | AZ36: 214 | BA36: 214 | BB36: 215 | BC36: 215 | BD36: 215 | BE36: 215 | BF36: 215 | BG36: 215 | BH36: 215 | BI36: 215 | BJ36: 215 | BK36: 215 | BL36: 215
A38: Sovereigns in Default | D38: 16 | E38: 16 | F38: 16 | G38: 17 | H38: 19 | I38: 24 | J38: 17 | K38: 19 | L38: 19 | M38: 17 | N38: 34 | O38: 39 | P38: 47 | Q38: 50 | R38: 49 | S38: 55 | T38: 61 | U38: 57 | V38: 64 | W38: 65 | X38: 71 | Y38: 77 | Z38: 82 | AA38: 85 | AB38: 88 | AC38: 87 | AD38: 93 | AE38: 91 | AF38: 94 | AG38: 99 | AH38: 100 | AI38: 101 | AJ38: 109 | AK38: 113 | AL38: 114 | AM38: 112 | AN38: 113 | AO38: 111 | AP38: 113 | AQ38: 110 | AR38: 110 | AS38: 111 | AT38: 110 | AU38: 110 | AV38: 106 | AW38: 107 | AX38: 102 | AY38: 104 | AZ38: 105 | BA38: 101 | BB38: 98 | BC38: 103 | BD38: 105 | BE38: 106 | BF38: 94 | BG38: 99 | BH38: 96 | BI38: 99 | BJ38: 95 | BK38: 89 | BL38: 89
A39: - IMF | D39: 3 | E39: 2 | F39: 2 | G39: 2 | H39: 4 | I39: 3 | J39: 3 | K39: 4 | L39: 2 | M39: 1 | N39: 0 | O39: 0 | P39: 0 | Q39: 0 | R39: 0 | S39: 1 | T39: 1 | U39: 1 | V39: 3 | W39: 4 | X39: 8 | Y39: 4 | Z39: 10 | AA39: 8 | AB39: 12 | AC39: 14 | AD39: 14 | AE39: 12 | AF39: 14 | AG39: 16 | AH39: 13 | AI39: 11 | AJ39: 15 | AK39: 15 | AL39: 12 | AM39: 10 | AN39: 8 | AO39: 8 | AP39: 8 | AQ39: 7 | AR39: 7 | AS39: 7 | AT39: 7 | AU39: 6 | AV39: 4 | AW39: 4 | AX39: 5 | AY39: 4 | AZ39: 4 | BA39: 3 | BB39: 3 | BC39: 3 | BD39: 3 | BE39: 3 | BF39: 3 | BG39: 4 | BH39: 3 | BI39: 2 | BJ39: 2 | BK39: 2 | BL39: 2
A40: - IBRD | AC40: 1 | AD40: 3 | AE40: 7 | AF40: 7 | AG40: 8 | AH40: 7 | AI40: 7 | AJ40: 9 | AK40: 8 | AL40: 7 | AM40: 7 | AN40: 7 | AO40: 8 | AP40: 8 | AQ40: 8 | AR40: 7 | AS40: 8 | AT40: 6 | AU40: 5 | AV40: 4 | AW40: 5 | AX40: 5 | AY40: 4 | AZ40: 4 | BA40: 1 | BB40: 1 | BC40: 1 | BD40: 1 | BE40: 2 | BF40: 1 | BG40: 1 | BH40: 1 | BI40: 1 | BJ40: 1 | BK40: 1 | BL40: 1
A41: - IDA | Y41: 1 | Z41: 1 | AA41: 1 | AB41: 1 | AC41: 0 | AD41: 0 | AE41: 0 | AF41: 5 | AG41: 7 | AH41: 5 | AI41: 4 | AJ41: 6 | AK41: 6 | AL41: 7 | AM41: 6 | AN41: 6 | AO41: 6 | AP41: 7 | AQ41: 8 | AR41: 7 | AS41: 8 | AT41: 11 | AU41: 8 | AV41: 8 | AW41: 8 | AX41: 8 | AY41: 8 | AZ41: 4 | BA41: 4 | BB41: 5 | BC41: 4 | BD41: 6 | BE41: 5 | BF41: 5 | BG41: 5 | BH41: 5 | BI41: 5 | BJ41: 5 | BK41: 5 | BL41: 5
A42: - Paris Club | D42: 0 | E42: 1 | F42: 2 | G42: 1 | H42: 1 | I42: 4 | J42: 2 | K42: 2 | L42: 3 | M42: 3 | N42: 2 | O42: 2 | P42: 4 | Q42: 3 | R42: 4 | S42: 4 | T42: 3 | U42: 6 | V42: 9 | W42: 8 | X42: 12 | Y42: 13 | Z42: 19 | AA42: 26 | AB42: 24 | AC42: 34 | AD42: 30 | AE42: 32 | AF42: 30 | AG42: 44 | AH42: 39 | AI42: 40 | AJ42: 37 | AK42: 34 | AL42: 37 | AM42: 37 | AN42: 37 | AO42: 27 | AP42: 29 | AQ42: 30 | AR42: 46 | AS42: 37 | AT42: 39 | AU42: 36 | AV42: 36 | AW42: 36 | AX42: 31 | AY42: 25 | AZ42: 23 | BA42: 19 | BB42: 20 | BC42: 16 | BD42: 13 | BE42: 11 | BF42: 10 | BG42: 11 | BH42: 10 | BI42: 11 | BJ42: 12 | BK42: 11 | BL42: 20
A43: - China | AR43: 2 | AS43: 16 | AT43: 8 | AU43: 8 | AV43: 3 | AW43: 6 | AX43: 7 | AY43: 23 | AZ43: 4 | BA43: 3 | BB43: 9 | BC43: 6 | BD43: 4 | BE43: 1 | BF43: 5 | BG43: 2 | BH43: 6 | BI43: 9 | BJ43: 11 | BK43: 9 | BL43: 22
A44: - Other official creditors | D44: 4 | E44: 6 | F44: 6 | G44: 7 | H44: 7 | I44: 14 | J44: 7 | K44: 5 | L44: 9 | M44: 8 | N44: 20 | O44: 28 | P44: 33 | Q44: 35 | R44: 35 | S44: 42 | T44: 45 | U44: 48 | V44: 53 | W44: 53 | X44: 56 | Y44: 61 | Z44: 65 | AA44: 72 | AB44: 76 | AC44: 72 | AD44: 77 | AE44: 80 | AF44: 84 | AG44: 88 | AH44: 91 | AI44: 93 | AJ44: 96 | AK44: 100 | AL44: 101 | AM44: 104 | AN44: 102 | AO44: 103 | AP44: 102 | AQ44: 101 | AR44: 100 | AS44: 102 | AT44: 105 | AU44: 100 | AV44: 100 | AW44: 99 | AX44: 97 | AY44: 96 | AZ44: 100 | BA44: 95 | BB44: 91 | BC44: 95 | BD44: 94 | BE44: 97 | BF44: 89 | BG44: 89 | BH44: 89 | BI44: 90 | BJ44: 84 | BK44: 80 | BL44: 76
A45: - FC bank loans | D45: 1 | E45: 3 | F45: 1 | G45: 2 | H45: 2 | I45: 2 | J45: 1 | K45: 1 | L45: 3 | M45: 1 | N45: 3 | O45: 0 | P45: 1 | Q45: 1 | R45: 0 | S45: 2 | T45: 6 | U45: 4 | V45: 7 | W45: 9 | X45: 12 | Y45: 17 | Z45: 25 | AA45: 32 | AB45: 36 | AC45: 38 | AD45: 42 | AE45: 43 | AF45: 44 | AG45: 44 | AH45: 47 | AI45: 43 | AJ45: 48 | AK45: 47 | AL45: 41 | AM45: 35 | AN45: 31 | AO45: 26 | AP45: 24 | AQ45: 21 | AR45: 20 | AS45: 18 | AT45: 20 | AU45: 18 | AV45: 18 | AW45: 15 | AX45: 12 | AY45: 10 | AZ45: 8 | BA45: 7 | BB45: 7 | BC45: 7 | BD45: 6 | BE45: 4 | BF45: 6 | BG45: 6 | BH45: 6 | BI45: 6 | BJ45: 8 | BK45: 8 | BL45: 6
A46: - FC bonds | D46: 9 | E46: 10 | F46: 9 | G46: 9 | H46: 9 | I46: 10 | J46: 8 | K46: 8 | L46: 7 | M46: 7 | N46: 6 | O46: 6 | P46: 6 | Q46: 6 | R46: 6 | S46: 6 | T46: 5 | U46: 3 | V46: 3 | W46: 3 | X46: 3 | Y46: 4 | Z46: 3 | AA46: 3 | AB46: 4 | AC46: 4 | AD46: 3 | AE46: 4 | AF46: 3 | AG46: 5 | AH46: 3 | AI46: 4 | AJ46: 6 | AK46: 4 | AL46: 5 | AM46: 3 | AN46: 3 | AO46: 2 | AP46: 4 | AQ46: 5 | AR46: 5 | AS46: 4 | AT46: 4 | AU46: 8 | AV46: 10 | AW46: 9 | AX46: 5 | AY46: 5 | AZ46: 7 | BA46: 7 | BB46: 8 | BC46: 7 | BD46: 8 | BE46: 9 | BF46: 5 | BG46: 7 | BH46: 8 | BI46: 10 | BJ46: 8 | BK46: 9 | BL46: 11
A47: - Other private creditors | D47: 1 | E47: 2 | F47: 1 | G47: 3 | H47: 1 | I47: 3 | J47: 0 | K47: 0 | L47: 1 | M47: 1 | N47: 19 | O47: 22 | P47: 24 | Q47: 30 | R47: 28 | S47: 33 | T47: 35 | U47: 30 | V47: 36 | W47: 37 | X47: 45 | Y47: 53 | Z47: 60 | AA47: 61 | AB47: 63 | AC47: 66 | AD47: 69 | AE47: 77 | AF47: 74 | AG47: 77 | AH47: 79 | AI47: 79 | AJ47: 85 | AK47: 88 | AL47: 91 | AM47: 91 | AN47: 80 | AO47: 76 | AP47: 78 | AQ47: 82 | AR47: 78 | AS47: 72 | AT47: 74 | AU47: 71 | AV47: 65 | AW47: 62 | AX47: 55 | AY47: 57 | AZ47: 58 | BA47: 54 | BB47: 54 | BC47: 52 | BD47: 51 | BE47: 48 | BF47: 47 | BG47: 44 | BH47: 42 | BI47: 44 | BJ47: 45 | BK47: 42 | BL47: 36
A48: - LC debt | D48: 1 | E48: 2 | F48: 1 | G48: 1 | H48: 2 | I48: 1 | J48: 0 | K48: 1 | L48: 0 | M48: 0 | N48: 1 | O48: 0 | P48: 0 | Q48: 0 | R48: 0 | S48: 3 | T48: 2 | U48: 1 | V48: 2 | W48: 3 | X48: 3 | Y48: 2 | Z48: 4 | AA48: 3 | AB48: 4 | AC48: 4 | AD48: 3 | AE48: 4 | AF48: 3 | AG48: 3 | AH48: 6 | AI48: 4 | AJ48: 3 | AK48: 4 | AL48: 2 | AM48: 4 | AN48: 4 | AO48: 4 | AP48: 7 | AQ48: 7 | AR48: 5 | AS48: 5 | AT48: 5 | AU48: 3 | AV48: 3 | AW48: 4 | AX48: 4 | AY48: 2 | AZ48: 2 | BA48: 3 | BB48: 3 | BC48: 2 | BD48: 2 | BE48: 3 | BF48: 3 | BG48: 2 | BH48: 3 | BI48: 2 | BJ48: 3 | BK48: 2 | BL48: 3
A50: With Identified Domestic arrears | AW50: 17 | AX50: 16 | AY50: 18 | AZ50: 20 | BA50: 21 | BB50: 21 | BC50: 22 | BD50: 22 | BE50: 25 | BF50: 27 | BG50: 31 | BH50: 37 | BI50: 48 | BJ50: 76 | BK50: 69 | BL50: 64
A52: Total Paris Club Loans (US$bil) | AZ52: 330.163 | BA52: 342.417 | BB52: 352.85 | BC52: 414.338 | BD52: 397.887 | BE52: 373.149 | BF52: 304 | BG52: 311 | BH52: 301 | BI52: 313 | BJ52: 315 | BK52: 317 | BL52: 350
A53: China EM & LIC Loans (US$bil) | X53: 2.8104316 | Y53: 2.5525887 | Z53: 2.4394727 | AA53: 2.5492243 | AB53: 2.0411692 | AC53: 2.0394146 | AD53: 2.0270307 | AE53: 2.3424701 | AF53: 2.3592093 | AG53: 2.5346307 | AH53: 2.6219133 | AI53: 2.6805165 | AJ53: 2.6627024 | AK53: 2.9073355 | AL53: 2.7946224 | AM53: 2.9125193 | AN53: 2.9720031 | AO53: 3.6748692 | AP53: 3.9860059 | AQ53: 4.0314668 | AR53: 5.4229542 | AS53: 4.9938487 | AT53: 4.7614072 | AU53: 4.9904385 | AV53: 5.6700522 | AW53: 6.674978 | AX53: 8.2559958 | AY53: 10.256183 | AZ53: 13.820739 | BA53: 21.489641 | BB53: 33.606214 | BC53: 43.554801 | BD53: 51.915509 | BE53: 66.978981 | BF53: 81.153614 | BG53: 88.041266 | BH53: 108.58054 | BI53: 130.66273 | BJ53: 144.76967 | BK53: 147.484 | BL53: 150
A54: Gross World Public Debt (US$bil) | X54: 2228.0996 | Y54: 2400.027 | Z54: 2638.539 | AA54: 2043.2528 | AB54: 3288.4842 | AC54: 4062.6544 | AD54: 4870.6138 | AE54: 5893.234 | AF54: 6277.8346 | AG54: 6386.1588 | AH54: 7352.1324 | AI54: 8784.1982 | AJ54: 9599.1142 | AK54: 10879.129 | AL54: 12404.612 | AM54: 13534.562 | AN54: 14102.022 | AO54: 14097.053 | AP54: 15731.854 | AQ54: 20986.075 | AR54: 21107.318 | AS54: 21971.649 | AT54: 23289.723 | AU54: 26650.245 | AV54: 30905.597 | AW54: 32399.416 | AX54: 33048.488 | AY54: 35570.702 | AZ54: 40959.927 | BA54: 45201.205 | BB54: 50874.864 | BC54: 57230.808 | BD54: 59509.884 | BE54: 60246.932 | BF54: 62142.935 | BG54: 59536.223 | BH54: 63328.937 | BI54: 66263.611 | BJ54: 70639.946 | BK54: 73065.601 | BL54: 82278.493
A55: Gross EM & Developing Country GDP (ex-China) | X55: 2397.242 | Y55: 2538.702 | Z55: 2396 | AA55: 2326 | AB55: 2315 | AC55: 2367 | AD55: 2446 | AE55: 2698 | AF55: 2930 | AG55: 3196 | AH55: 4777 | AI55: 4351 | AJ55: 3630 | AK55: 4041 | AL55: 4479 | AM55: 5067 | AN55: 5615 | AO55: 5924 | AP55: 5618 | AQ55: 5349 | AR55: 5856 | AS55: 5776.948 | AT55: 5616.151 | AU55: 6321.347 | AV55: 7543.184 | AW55: 9064.197 | AX55: 10683.254 | AY55: 13015.406 | AZ55: 15320.314 | BA55: 13916.728 | BB55: 16817.381 | BC55: 19439.601 | BD55: 19941.421 | BE55: 20622.829 | BF55: 20675.709 | BG55: 18396.135 | BH55: 18269.886 | BI55: 19899.834 | BJ55: 20533.391 | BK55: 21030.083 | BL55: 19219.721
A56: Gross World Product (US$bil) | D56: 1365 | E56: 1420 | F56: 1525 | G56: 1638 | H56: 1800 | I56: 1960 | J56: 2125 | K56: 2263 | L56: 2441 | M56: 2687 | N56: 2951 | O56: 3260.7817 | P56: 3759.5565 | Q56: 4580.9852 | R56: 5282.7347 | S56: 5883.5946 | T56: 6402.851 | U56: 7241.6934 | V56: 8527.1252 | W56: 9907.184 | X56: 11205.083 | Y56: 11483.243 | Z56: 11263.834 | AA56: 11569.441 | AB56: 11986.063 | AC56: 12505.637 | AD56: 14750.276 | AE56: 16987.606 | AF56: 19091.117 | AG56: 20080.465 | AH56: 23627.413 | AI56: 24452.466 | AJ56: 25307.933 | AK56: 25997.782 | AL56: 27944.235 | AM56: 31149.854 | AN56: 32017.142 | AO56: 31930.902 | AP56: 31775.915 | AQ56: 32897.659 | AR56: 33985.697 | AS56: 33719.318 | AT56: 34851.942 | AU56: 39118.704 | AV56: 44028.684 | AW56: 47690.608 | AX56: 51651.455 | AY56: 58295.631 | AZ56: 63931.561 | BA56: 60575.365 | BB56: 66240.984 | BC56: 73524.032 | BD56: 74910.854 | BE56: 77084.133 | BF56: 79155.306 | BG56: 74936.572 | BH56: 76158.883 | BI56: 80833.691 | BJ56: 85893.395 | BK56: 87345.3 | BL56: 84537.688
A58: B. Sovereign Debt in default (US$ mil)
A59: by Issuer | B59: Data
B60: Score
A61: Afghanistan | B61: 4 | D61: 0 | E61: 0 | F61: 0 | G61: 0 | H61: 267 | I61: 267 | J61: 267 | K61: 2.7 | L61: 0 | M61: 0 | N61: 0 | O61: 0 | P61: 37 | Q61: 0 | R61: 0 | S61: 0 | T61: 437 | U61: 0 | V61: 0 | W61: 0 | X61: 15 | Y61: 0 | Z61: 3 | AA61: 0 | AB61: 0 | AC61: 10 | AD61: 10 | AE61: 0 | AF61: 0 | AG61: 0.372 | AH61: 0 | AI61: 0 | AJ61: 5 | AK61: 7 | AL61: 22 | AM61: 24.6 | AN61: 27.5 | AO61: 32.674327 | AP61: 37.687987 | AQ61: 42.192288 | AR61: 284.26502 | AS61: 288.7907 | AT61: 11394.048 | AU61: 11302 | AV61: 11306 | AW61: 11305 | AX61: 11284.421 | AY61: 148.3124 | AZ61: 125.4213 | BA61: 88.53993 | BB61: 1027 | BC61: 275.7879 | BD61: 173.89731 | BE61: 200.01085 | BF61: 313.09405 | BG61: 359.58915 | BH61: 437.13654 | BI61: 521.12701 | BJ61: 596.772 | BK61: 670.553 | BL61: 714.3
A62: - IMF | D62: 0 | E62: 0 | F62: 0 | G62: 0 | H62: 0 | I62: 0 | J62: 0 | K62: 2.7 | L62: 0 | M62: 0 | N62: 0 | O62: 0 | P62: 0 | Q62: 0 | R62: 0 | S62: 0 | T62: 0 | U62: 0 | V62: 0 | W62: 0 | X62: 0 | Y62: 0 | Z62: 0 | AA62: 0 | AB62: 0 | AC62: 0 | AD62: 0 | AE62: 0 | AF62: 0 | AG62: 0 | AH62: 0 | AI62: 0 | AJ62: 0 | AK62: 0 | AL62: 0 | AM62: 0.3 | AN62: 0.3 | AO62: 2.9743272 | AP62: 4.9879867 | AQ62: 6.3922877 | AR62: 7.9650182 | AS62: 9.2906994 | AT62: 11.048016 | AU62: 0 | AV62: 0 | AW62: 0 | AX62: 0 | AY62: 0 | AZ62: 0 | BA62: 0 | BB62: 0 | BC62: 0 | BD62: 0 | BE62: 0 | BF62: 0 | BG62: 0 | BH62: 0 | BI62: 0 | BJ62: 0 | BK62: 0 | BL62: 0
A63: - IDA | D63: 0 | E63: 0 | F63: 0 | G63: 0 | H63: 0 | I63: 0 | J63: 0 | K63: 0 | L63: 0 | M63: 0 | N63: 0 | O63: 0 | P63: 0 | Q63: 0 | R63: 0 | S63: 0 | T63: 0 | U63: 0 | V63: 0 | W63: 0 | X63: 0 | Y63: 0 | Z63: 0 | AA63: 0 | AB63: 0 | AC63: 0 | AD63: 0 | AE63: 0 | AF63: 0 | AG63: 0.372 | AH63: 0 | AI63: 0 | AJ63: 1 | AK63: 1 | AL63: 3 | AM63: 5 | AN63: 8 | AO63: 11 | AP63: 14 | AQ63: 17 | AR63: 21 | AS63: 24 | AT63: 27 | AU63: 0 | AV63: 0 | AW63: 0 | AX63: 0 | AY63: 0 | AZ63: 0 | BA63: 0 | BB63: 0 | BC63: 0 | BD63: 0 | BE63: 0 | BF63: 0 | BG63: 0 | BH63: 0 | BI63: 0 | BJ63: 0 | BK63: 0 | BL63: 0
A64: - Paris Club | D64: 0 | E64: 0 | F64: 0 | G64: 0 | H64: 0 | I64: 0 | J64: 0 | K64: 0 | L64: 0 | M64: 0 | N64: 0 | O64: 0 | P64: 0 | Q64: 0 | R64: 0 | S64: 0 | T64: 0 | U64: 0 | V64: 0 | W64: 0 | X64: 0 | Y64: 0 | Z64: 0 | AA64: 0 | AB64: 0 | AC64: 0 | AD64: 0 | AE64: 0 | AF64: 0 | AG64: 0 | AH64: 0 | AI64: 0 | AR64: **** | AS64: **** | AT64: **** | AU64: **** | AV64: **** | AW64: **** | AX64: 11284 | AY64: 22 | AZ64: 0 | BA64: 0 | BB64: 1027 | BC64: 0 | BD64: 0 | BE64: 0 | BF64: 0 | BG64: 0 | BH64: 0 | BI64: 0 | BJ64: 0 | BK64: 0 | BL64: 0
A65: - Other official creditors | D65: 0 | E65: 0 | F65: 0 | G65: 0 | H65: 267 | I65: 267 | J65: 267 | K65: 0 | L65: 0 | M65: 0 | N65: 0 | O65: 0 | P65: 37 | Q65: 0 | R65: 0 | S65: 0 | T65: 437 | U65: 0 | V65: 0 | W65: 0 | X65: 15 | Y65: **** | Z65: 3 | AA65: **** | AB65: **** | AC65: 10 | AD65: 10 | AE65: 0 | AF65: 0 | AG65: 0 | AH65: 0 | AI65: 0 | AJ65: 4 | AK65: 6 | AL65: 19 | AM65: 19.3 | AN65: 19.2 | AO65: 18.7 | AP65: 18.7 | AQ65: 18.8 | AR65: 255.3 | AS65: 255.5 | AT65: 11356 | AU65: 11302 | AV65: 11306 | AW65: 11305 | AX65: **** | AY65: 125.8794 | AZ65: 124.9883 | BA65: 88.10693 | BB65: **** | BC65: 275.7879 | BD65: 173.89731 | BE65: 200.01085 | BF65: 313.09405 | BG65: 359.58915 | BH65: 437.13654 | BI65: 521.12701 | BJ65: 596.772 | BK65: 670.553 | BL65: 714.3
A66: - Other private creditors | D66: 0 | E66: 0 | F66: 0 | G66: 0 | H66: 0 | I66: 0 | J66: 0 | K66: 0 | L66: 0 | M66: 0 | N66: 0 | O66: 0 | P66: 0 | Q66: 0 | R66: 0 | S66: 0 | T66: 0 | U66: 0 | V66: 0 | W66: 0 | X66: 0 | Y66: 0 | Z66: 0 | AA66: 0 | AB66: 0 | AC66: 0 | AD66: 0 | AE66: 0 | AF66: 0 | AG66: 0 | AH66: 0 | AI66: 0 | AJ66: 0 | AK66: 0 | AL66: 0 | AM66: 0 | AN66: 0 | AO66: 0 | AP66: 0 | AQ66: 0 | AR66: 0 | AS66: 0 | AT66: 0 | AU66: 0 | AV66: 0 | AW66: 0 | AX66: 0.421 | AY66: 0.433 | AZ66: 0.433 | BA66: 0.433 | BB66: 0 | BC66: 0 | BD66: 0 | BE66: 0 | BF66: 0 | BG66: 0 | BH66: 0 | BI66: 0 | BJ66: 0 | BK66: 0 | BL66: 0
A68: Albania | B68: 3 | D68: 0 | E68: 0 | F68: 0 | G68: 0 | H68: 0 | I68: 0 | J68: 0 | K68: 0 | L68: 0 | M68: 0 | N68: 0 | O68: 0 | P68: 0 | Q68: 0 | R68: 0 | S68: 0 | T68: 0 | U68: 0 | V68: 0 | W68: 0 | X68: 0 | Y68: 0 | Z68: 0 | AA68: 0 | AB68: 0 | AC68: 0 | AD68: 0 | AE68: 0 | AF68: 0 | AG68: 0 | AH68: 0 | AI68: 425 | AJ68: 446.023 | AK68: 571.793 | AL68: 511.848 | AM68: 745.262 | AN68: 34.958 | AO68: 34.402 | AP68: 109.435 | AQ68: 34.534 | AR68: 383.268 | AS68: 271.273 | AT68: 91.072 | AU68: 15.982 | AV68: 19.619 | AW68: 15.774 | AX68: 17.651 | AY68: 16.834 | AZ68: 8.7 | BA68: 0.305 | BB68: 0 | BC68: 0 | BD68: 0 | BE68: 1.232 | BF68: 0 | BG68: 0 | BH68: 0 | BI68: 0.6 | BJ68: 0 | BK68: 0.0548619 | BL68: 0
A69: - Paris Club | D69: 0 | E69: 0 | F69: 0 | G69: 0 | H69: 0 | I69: 0 | J69: 0 | K69: 0 | L69: 0 | M69: 0 | N69: 0 | O69: 0 | P69: 0 | Q69: 0 | R69: 0 | S69: 0 | T69: 0 | U69: 0 | V69: 0 | W69: 0 | X69: 0 | Y69: 0 | Z69: 0 | AA69: 0 | AB69: 0 | AC69: 0 | AD69: 0 | AE69: 0 | AF69: 0 | AG69: 0 | AH69: 0 | AI69: 0 | AJ69: 0 | AK69: 109 | AL69: 0 | AM69: 0 | AN69: 0 | AO69: 0 | AP69: 75 | AQ69: 0 | AR69: 89 | AS69: 0 | AT69: 0 | AU69: 0 | AV69: 0 | AW69: 0 | AX69: 0 | AY69: 0 | AZ69: 0 | BA69: 0 | BB69: 0 | BC69: 0 | BD69: 0 | BE69: 0 | BF69: 0 | BG69: 0 | BH69: 0 | BI69: 0 | BJ69: 0 | BK69: 0 | BL69: 0
A70: - Other official creditors | N70: 0 | O70: 0 | P70: 0 | Q70: 0 | R70: 0 | S70: 0 | T70: 0 | U70: 0 | V70: 0 | W70: 0 | X70: 0 | Y70: 0 | Z70: 0 | AA70: 0 | AB70: 0 | AC70: 0 | AD70: 0 | AE70: 0 | AF70: 0 | AG70: 0 | AH70: 0 | AI70: 0 | AJ70: 4.023 | AK70: 5.793 | AL70: 27.348 | AM70: 244.262 | AN70: 19.184 | AO70: 18.628 | AP70: 18.661 | AQ70: 18.76 | AR70: 278.355 | AS70: 255.499 | AT70: 75.298 | AU70: 0.208 | AV70: 3.845 | AW70: 0 | AX70: 1.877 | AY70: 1.06 | AZ70: 8.7 | BA70: 0.305 | BB70: 0 | BC70: 0 | BD70: 0 | BE70: 1.232 | BF70: 0 | BG70: 0 | BH70: 0 | BI70: 0.6 | BJ70: 0 | BK70: 0.0548619 | BL70: 0
A71: - FC bank loans | D71: 0 | E71: 0 | F71: 0 | G71: 0 | H71: 0 | I71: 0 | J71: 0 | K71: 0 | L71: 0 | M71: 0 | N71: 0 | O71: 0 | P71: 0 | Q71: 0 | R71: 0 | S71: 0 | T71: 0 | U71: 0 | V71: 0 | W71: 0 | X71: 0 | Y71: 0 | Z71: 0 | AA71: 0 | AB71: 0 | AC71: 0 | AD71: 0 | AE71: 0 | AF71: 0 | AG71: 0 | AH71: 0 | AI71: 425 | AJ71: 442 | AK71: 457 | AL71: 484.5 | AM71: 501 | AN71: 0 | AO71: 0 | AP71: 0 | AQ71: 0 | AR71: 0 | AS71: 0 | AT71: 0 | AU71: 0 | AV71: 0 | AW71: 0 | AX71: 0 | AY71: 0 | AZ71: 0 | BA71: 0 | BB71: 0 | BC71: 0 | BD71: 0 | BE71: 0 | BF71: 0 | BG71: 0 | BH71: 0 | BI71: 0 | BJ71: 0 | BK71: 0 | BL71: 0
A72: - Other private creditors | N72: 0 | O72: 0 | P72: 0 | Q72: 0 | R72: 0 | S72: 0 | T72: 0 | U72: 0 | V72: 0 | W72: 0 | X72: 0 | Y72: 0 | Z72: 0 | AA72: 0 | AB72: 0 | AC72: 0 | AD72: 0 | AE72: 0 | AF72: 0 | AG72: 0 | AH72: 0 | AI72: **** | AJ72: **** | AK72: **** | AL72: **** | AM72: **** | AN72: 15.774 | AO72: 15.774 | AP72: 15.774 | AQ72: 15.774 | AR72: 15.913 | AS72: 15.774 | AT72: 15.774 | AU72: 15.774 | AV72: 15.774 | AW72: 15.774 | AX72: 15.774 | AY72: 15.774 | AZ72: 0 | BA72: 0 | BB72: 0 | BC72: 0 | BD72: 0 | BE72: 0 | BF72: 0 | BG72: 0 | BH72: 0 | BI72: 0 | BJ72: 0 | BK72: 0 | BL72: 0
A73: - Domestic arrears | BJ73: 271 | BK73: 111 | BL73: 74
A75: Algeria | B75: 3 | F75: 0 | G75: 0 | H75: 0 | I75: 0 | J75: 0 | K75: 0 | L75: 0 | M75: 0 | N75: 0 | O75: 0 | P75: 0 | Q75: 0 | R75: 0 | S75: 0 | T75: 6.423 | U75: 13.012 | V75: 0.959 | W75: 3.486 | X75: 1.7 | Y75: 1.7 | Z75: 1.7 | AA75: 1.7 | AB75: 0 | AC75: 0 | AD75: 0 | AE75: 0.016 | AF75: 0.016 | AG75: 0 | AH75: 0.764 | AI75: 1260.359 | AJ75: 1464.594 | AK75: 910.675 | AL75: 9540.029 | AM75: 12108.181 | AN75: 3537.518 | AO75: 2212.957 | AP75: 542.532 | AQ75: 0 | AR75: 0 | AS75: 0 | AT75: 0.034 | AU75: 0.01 | AV75: 0.011 | AW75: 4700 | AX75: 0 | AY75: 0 | AZ75: 0 | BA75: 0 | BB75: 0 | BC75: 0 | BD75: 76.7 | BE75: 0 | BF75: 0 | BG75: 0 | BH75: 0 | BI75: 45.6 | BJ75: 0.1712819 | BK75: 0 | BL75: 0
A76: - Paris Club | F76: 0 | G76: 0 | H76: 0 | I76: 0 | J76: 0 | K76: 0 | L76: 0 | M76: 0 | N76: 0 | O76: 0 | P76: 0 | Q76: 0 | R76: 0 | S76: 0 | T76: 0 | U76: 0 | V76: 0 | W76: 0 | X76: 0 | Y76: 0 | Z76: 0 | AA76: 0 | AB76: 0 | AC76: 0 | AD76: 0 | AE76: 0 | AF76: 0 | AG76: 0 | AH76: 0 | AI76: 0 | AJ76: 0 | AK76: 0 | AL76: 5344 | AM76: 7320 | AN76: 0 | AO76: 0 | AP76: 0 | AQ76: 0 | AR76: 0 | AS76: 0 | AT76: 0 | AU76: 0 | AV76: 0 | AW76: 0 | AX76: 0 | AY76: 0 | AZ76: 0 | BA76: 0 | BB76: 0 | BC76: 0 | BD76: 0 | BE76: 0 | BF76: 0 | BG76: 0 | BH76: 0 | BI76: 0 | BJ76: 0 | BK76: 0 | BL76: 0
A77: - Other official creditors | F77: 0 | G77: 0 | H77: 0 | I77: 0 | J77: 0 | K77: 0 | L77: 0 | M77: 0 | N77: 0 | O77: 0 | P77: 0 | Q77: 0 | R77: 0 | S77: 0 | T77: 6.423 | U77: 13.012 | V77: 0.959 | W77: 0 | X77: 0 | Y77: 0 | Z77: 0 | AA77: 0 | AB77: 0 | AC77: 0 | AD77: 0 | AE77: 0 | AF77: 0 | AG77: 0 | AH77: 0.445 | AI77: 0.04 | AJ77: 1.014 | AK77: 3.23 | AL77: 618.029 | AM77: 597.181 | AN77: 406.9 | AO77: 248.678 | AP77: 81.078 | AQ77: 0 | AR77: 0 | AS77: 0 | AT77: 0.034 | AU77: 0.01 | AV77: 0.011 | AW77: 4700 | AX77: 0 | AY77: 0 | AZ77: 0 | BA77: 0 | BB77: 0 | BC77: 0 | BD77: 76.7 | BE77: 0 | BF77: 0 | BG77: 0 | BH77: 0 | BI77: 45.6 | BJ77: 0.1712819 | BK77: 0 | BL77: 0
A78: - FC bank loans | F78: 0 | G78: 0 | H78: 0 | I78: 0 | J78: 0 | K78: 0 | L78: 0 | M78: 0 | N78: 0 | O78: 0 | P78: 0 | Q78: 0 | R78: 0 | S78: 0 | T78: 0 | U78: 0 | V78: 0 | W78: 0 | X78: 0 | Y78: 0 | Z78: 0 | AA78: 0 | AB78: 0 | AC78: 0 | AD78: 0 | AE78: 0 | AF78: 0 | AG78: 0 | AH78: 0 | AI78: 1260 | AJ78: 1457 | AK78: 900 | AL78: 600 | AM78: 3200 | AN78: 0 | AO78: 0 | AP78: 0 | AQ78: 0 | AR78: 0 | AS78: 0 | AT78: 0 | AU78: 0 | AV78: 0 | AW78: 0 | AX78: 0 | AY78: 0 | AZ78: 0 | BA78: 0 | BB78: 0 | BC78: 0 | BD78: 0 | BE78: 0 | BF78: 0 | BG78: 0 | BH78: 0 | BI78: 0 | BJ78: 0 | BK78: 0 | BL78: 0
A79: - Other private creditors | F79: 0 | G79: 0 | H79: 0 | I79: 0 | J79: 0 | K79: 0 | L79: 0 | M79: 0 | N79: 0 | O79: 0 | P79: 0 | Q79: 0 | R79: 0 | S79: 0 | T79: 0 | U79: 0 | V79: 0 | W79: 3.486 | X79: 1.7 | Y79: 1.7 | Z79: 1.7 | AA79: 1.7 | AB79: 0 | AC79: 0 | AD79: 0 | AE79: 0.016 | AF79: 0.016 | AG79: 0 | AH79: 0.319 | AI79: 0.319 | AJ79: 6.58 | AK79: 7.445 | AL79: 2978 | AM79: 991 | AN79: 3130.618 | AO79: 1964.279 | AP79: 461.454 | AQ79: 0 | AR79: 0 | AS79: 0 | AT79: 0 | AU79: 0 | AV79: 0 | AW79: 0 | AX79: 0 | AY79: 0 | AZ79: 0 | BA79: 0 | BB79: 0 | BC79: 0 | BD79: 0 | BE79: 0 | BF79: 0 | BG79: 0 | BH79: 0 | BI79: 0 | BJ79: 0 | BK79: 0 | BL79: 0
A81: Angola | B81: 3 | AG81: 1082.1946 | AH81: 1767.1669 | AI81: 1538.2281 | AJ81: 2572.7462 | AK81: 4063.516 | AL81: 5163.703 | AM81: 5865.977 | AN81: 7330.006 | AO81: 3236.477 | AP81: 5123.868 | AQ81: 4613.296 | AR81: 3738.7837 | AS81: 4370.445 | AT81: 4385.53 | AU81: 5191.557 | AV81: 3760.011 | AW81: 3259.434 | AX81: 2823.3576 | AY81: 519.2935 | AZ81: 353.36465 | BA81: 405.05913 | BB81: 366.34275 | BC81: 333.70492 | BD81: 321.60291 | BE81: 333.93393 | BF81: 326.85534 | BG81: 295.12037 | BH81: 3387.874 | BI81: 110.44183 | BJ81: 84.413495 | BK81: 83.395495 | BL81: 8593.9
A82: - Paris Club | AG82: 446 | AH82: **** | AI82: **** | AJ82: 354 | AK82: 573 | AL82: 702 | AM82: 819 | AN82: 786 | AO82: 1543 | AP82: 2738 | AQ82: 2002 | AR82: **** | AS82: **** | AT82: **** | AU82: 2100 | AV82: 2300 | AW82: 2100 | AX82: 1550 | AY82: 0 | AZ82: 0 | BA82: 0 | BB82: 0 | BC82: 0 | BD82: 0 | BE82: 0 | BF82: 0 | BG82: 0 | BH82: 0 | BI82: 0 | BJ82: 0 | BK82: 0 | BL82: 0
A83: - China | AS83: 6 | AY83: 6.6 | BA83: 3 | BH83: 3100 | BI83: 0 | BJ83: 0 | BK83: 0 | BL83: 6787
A84: - Other official creditors | AG84: **** | AH84: 161.123 | AI84: 431.4341 | AJ84: 362.8622 | AK84: 455.101 | AL84: 478.069 | AM84: 565.875 | AN84: 3831.1 | AO84: **** | AP84: **** | AQ84: **** | AR84: 998.9537 | AS84: 1136.936 | AT84: 1239.597 | AU84: **** | AV84: **** | AW84: **** | AX84: 741.85561 | AY84: 130.2093 | AZ84: 64.60515 | BA84: 40.75393 | BB84: 43.835628 | BC84: 23.609511 | BD84: 22.719983 | BE84: 22.649669 | BF84: 22.983935 | BG84: 23.374821 | BH84: 23.034944 | BI84: 14.639849 | BJ84: 12.553 | BK84: 11.552 | BL84: 1734.9
A85: - Other private creditors | AG85: 636.1946 | AH85: 739.0439 | AI85: 1106.794 | AJ85: 1855.884 | AK85: 3035.415 | AL85: 3983.634 | AM85: 4481.102 | AN85: 2712.906 | AO85: 1693.477 | AP85: 2385.868 | AQ85: 2611.296 | AR85: 2739.83 | AS85: 3227.509 | AT85: 3145.933 | AU85: 3091.557 | AV85: 1460.011 | AW85: 1159.434 | AX85: 531.50196 | AY85: 382.4842 | AZ85: 288.7595 | BA85: 361.3052 | BB85: 322.50712 | BC85: 310.09541 | BD85: 298.88292 | BE85: 311.28427 | BF85: 303.8714 | BG85: 271.74554 | BH85: 264.8391 | BI85: 95.801981 | BJ85: 71.860495 | BK85: 71.843495 | BL85: 72
A86: - LC debt | AG86: 0 | AH86: 867 | AI86: 0 | AJ86: 0 | AK86: 0 | AL86: 0 | AM86: 0 | AN86: 0 | AO86: 0 | AP86: 0 | AQ86: 0 | AR86: 0 | AS86: 0 | AT86: 0 | AU86: 0 | AV86: 0 | AW86: 0 | AX86: 0 | AY86: 0 | AZ86: 0 | BA86: 0 | BB86: 0 | BC86: 0 | BD86: 0 | BE86: 0 | BF86: 0 | BG86: 0 | BH86: 0 | BI86: 0 | BJ86: 0 | BK86: 0 | BL86: 0
A87: - Domestic arrears | AY87: 1631.65 | AZ87: 6817.503 | BA87: 9913.287 | BB87: 4308.7388 | BC87: 3832.4562 | BD87: 3236.6903 | BE87: 756.33401 | BF87: 2224.4255 | BG87: 8358.2973 | BH87: 8923.1798 | BI87: 12849.895 | BJ87: 4700 | BK87: 800 | BL87: 600
A89: Antigua and Barbuda | B89: 3 | Y89: 0 | Z89: 0 | AA89: 0 | AB89: 0 | AC89: 24 | AD89: 32 | AE89: 0 | AF89: 0 | AG89: 0 | AH89: 0 | AI89: 0 | AJ89: 0 | AK89: 0 | AL89: 0 | AM89: 0 | AN89: 161 | AO89: 175 | AP89: 391 | AQ89: 702.114 | AR89: 739.90141 | AS89: 598 | AT89: 649 | AU89: 794 | AV89: 838 | AW89: 764 | AX89: 762 | AY89: 612 | AZ89: 631 | BA89: 707 | BB89: 684 | BC89: 515 | BD89: 0.4 | BE89: 2.9 | BF89: 18.6 | BG89: 20 | BH89: 8 | BI89: 14 | BJ89: 28 | BK89: 21 | BL89: 42.9
A90: - Paris Club | Y90: 0 | Z90: 0 | AA90: 0 | AB90: 0 | AC90: 0 | AD90: 0 | AE90: 0 | AF90: 0 | AG90: 0 | AH90: 0 | AI90: 0 | AJ90: 0 | AK90: 0 | AL90: 0 | AM90: 0 | AN90: 0 | AO90: 0 | AP90: 0 | AQ90: 0 | AR90: 0 | AS90: 0 | AT90: 0 | AU90: 0 | AV90: 0 | AW90: 0 | AX90: 0 | AY90: 0 | AZ90: 0 | BA90: 0 | BB90: 110 | BC90: 0 | BD90: 0 | BE90: 0 | BF90: 0 | BG90: 0 | BH90: 0 | BI90: 0 | BJ90: **** | BK90: **** | BL90: ****
A91: - Other official creditors | Y91: 0 | Z91: 0 | AA91: 0 | AB91: 0 | AC91: 24 | AD91: 32 | AE91: 0 | AF91: 0 | AG91: 0 | AH91: 0 | AI91: 0 | AJ91: 0 | AK91: 0 | AL91: 0 | AM91: 0 | AN91: 0 | AO91: 0 | AP91: 0 | AQ91: 290 | AR91: 301 | AS91: 318 | AT91: 346 | AU91: 348 | AV91: 357 | AW91: 323 | AX91: 332 | AY91: 270 | AZ91: 297 | BA91: 316 | BB91: 287 | BC91: 278 | BD91: 0.4 | BE91: 2.9 | BF91: 18.6 | BG91: 20 | BH91: 8 | BI91: 14 | BJ91: 28 | BK91: 21 | BL91: 42.9
A92: - FC bank loans | Y92: 0 | Z92: 0 | AA92: 0 | AB92: 0 | AC92: 0 | AD92: 0 | AE92: 0 | AF92: 0 | AG92: 0 | AH92: 0 | AI92: 0 | AJ92: 0 | AK92: 0 | AL92: 0 | AM92: 0 | AN92: 161 | AO92: 175 | AP92: 391 | AQ92: 412.114 | AR92: 438.90141 | AS92: 280 | AT92: 303 | AU92: 446 | AV92: 481 | AW92: 356 | AX92: 325 | AY92: 295 | AZ92: 291 | BA92: 358 | BB92: 244 | BC92: 193 | BD92: 0 | BE92: 0 | BF92: 0 | BG92: 0 | BH92: 0 | BI92: 0 | BJ92: 0 | BK92: 0 | BL92: 0
A93: - FC bonds | Y93: 0 | Z93: 0 | AA93: 0 | AB93: 0 | AC93: 0 | AD93: 0 | AE93: 0 | AF93: 0 | AG93: 0 | AH93: 0 | AI93: 0 | AJ93: 0 | AK93: 0 | AL93: 0 | AM93: 0 | AN93: 0 | AO93: 0 | AP93: 0 | AQ93: 0 | AR93: 0 | AS93: 0 | AT93: 0 | AU93: 0 | AV93: 0 | AW93: 85 | AX93: 105 | AY93: 47 | AZ93: 43 | BA93: 33 | BB93: 43 | BC93: 44 | BD93: 0 | BE93: 0 | BF93: 0 | BG93: 0 | BH93: 0 | BI93: 0 | BJ93: 0 | BK93: 0 | BL93: 0
A94: - Domestic arrears | BH94: 1 | BI94: 11 | BJ94: 5 | BK94: 14 | BL94: 15
A96: Argentina | B96: 3 | D96: 100 | E96: 462 | F96: 362 | G96: 15 | H96: 0 | I96: 472 | J96: 0 | K96: 0 | L96: 0 | M96: 0 | N96: 0 | O96: 0 | P96: 0 | Q96: 0 | R96: 0 | S96: 0 | T96: 970 | U96: 0 | V96: 0 | W96: 0 | X96: 0 | Y96: 0 | Z96: 3870 | AA96: 3507.1 | AB96: 4469.523 | AC96: 11649.7 | AD96: 4655.523 | AE96: 31736.4 | AF96: 23529.3 | AG96: 35530.3 | AH96: 31834.9 | AI96: 34415.3 | AJ96: 32232.3 | AK96: 28476 | AL96: 10.551 | AM96: 69.225 | AN96: 0.173 | AO96: 0 | AP96: 0 | AQ96: 0 | AR96: 10.316 | AS96: 41000 | AT96: 103289 | AU96: 116644 | AV96: 115873 | AW96: 109529.7 | AX96: 34249 | AY96: 35984 | AZ96: 36220 | BA96: 36732 | BB96: 18068 | BC96: 17696 | BD96: 17750 | BE96: 17839 | BF96: 55874 | BG96: 44536 | BH96: 47301 | BI96: 3415 | BJ96: 1241 | BK96: 13400 | BL96: 72724
A97: - IMF | D97: 100 | E97: 28 | F97: 0 | G97: 0 | H97: 0 | I97: 170 | J97: 0 | K97: 0 | L97: 0 | M97: 0 | N97: 0 | O97: 0 | P97: 0 | Q97: 0 | R97: 0 | S97: 0 | T97: 0 | U97: 0 | V97: 0 | W97: 0 | X97: 0 | Y97: 0 | Z97: 0 | AA97: 0 | AB97: 0 | AC97: 0 | AD97: 0 | AE97: 0 | AF97: 0 | AG97: 0 | AH97: 0 | AI97: 0 | AJ97: 0 | AK97: 0 | AL97: 0 | AM97: 0 | AN97: 0 | AO97: 0 | AP97: 0 | AQ97: 0 | AR97: 0 | AS97: 0 | AT97: 0 | AU97: 2980 | AV97: 0 | AW97: 0 | AX97: 0 | AY97: 0 | AZ97: 0 | BA97: 0 | BB97: 0 | BC97: 0 | BD97: 0 | BE97: 0 | BF97: 0 | BG97: 0 | BH97: 0 | BI97: 0 | BJ97: 0 | BK97: 0 | BL97: 0
A98: - IBRD | D98: 0 | E98: 0 | F98: 0 | G98: 0 | H98: 0 | I98: 0 | J98: 0 | K98: 0 | L98: 0 | M98: 0 | N98: 0 | O98: 0 | P98: 0 | Q98: 0 | R98: 0 | S98: 0 | T98: 0 | U98: 0 | V98: 0 | W98: 0 | X98: 0 | Y98: 0 | Z98: 0 | AA98: 0 | AB98: 0 | AC98: 0 | AD98: 0 | AE98: 0 | AF98: 0 | AG98: 0 | AH98: 0 | AI98: 0 | AJ98: 0 | AK98: 0 | AL98: 0 | AM98: 0 | AN98: 0 | AO98: 0 | AP98: 0 | AQ98: 0 | AR98: 0 | AS98: 0 | AT98: 774 | AU98: 797 | AV98: 0 | AW98: 0 | AX98: 0 | AY98: 0 | AZ98: 0 | BA98: 0 | BB98: 0 | BC98: 0 | BD98: 0 | BE98: 0 | BF98: 0 | BG98: 0 | BH98: 0 | BI98: 0 | BJ98: 0 | BK98: 0 | BL98: 0
A99: - Paris Club | D99: 0 | E99: 0 | F99: 270 | G99: 0 | H99: 0 | I99: 91 | J99: 0 | K99: 0 | L99: 0 | M99: 0 | N99: 0 | O99: 0 | P99: 0 | Q99: 0 | R99: 0 | S99: 0 | T99: 0 | U99: 0 | V99: 0 | W99: 0 | X99: 0 | Y99: 0 | Z99: 0 | AA99: 0 | AB99: 0 | AC99: 1726 | AD99: 0 | AE99: 2156 | AF99: 0 | AG99: 2402 | AH99: 0 | AI99: 1732 | AJ99: 2700 | AK99: 0 | AL99: 0 | AM99: 0 | AN99: 0 | AO99: 0 | AP99: 0 | AQ99: 0 | AR99: 0 | AS99: 0 | AT99: 1796 | AU99: 1811 | AV99: 1635 | AW99: 1175 | AX99: 2807 | AY99: 3073 | AZ99: 3133 | BA99: 3156 | BB99: 3165 | BC99: 3150 | BD99: 3113 | BE99: 3074 | BF99: 9690 | BG99: 15 | BH99: 15 | BI99: 15 | BJ99: 15 | BK99: 15 | BL99: 2116
A100: - Other official creditors | D100: 0 | E100: 284 | F100: 92 | G100: 15 | H100: 0 | I100: 211 | J100: 0 | K100: 0 | L100: 0 | M100: 0 | N100: 0 | O100: 0 | P100: 0 | Q100: 0 | R100: 0 | S100: 0 | T100: 0 | U100: 0 | V100: 0 | W100: 0 | X100: 0 | Y100: 0 | Z100: 0 | AA100: 157.1 | AB100: 326.9 | AC100: 23.7 | AD100: 914 | AE100: 65.4 | AF100: 453.3 | AG100: 486.3 | AH100: 356.9 | AI100: 589.3 | AJ100: 1056.3 | AK100: 0 | AL100: 0 | AM100: 0 | AN100: 0 | AO100: 0 | AP100: 0 | AQ100: 0 | AR100: 0 | AS100: 0 | AT100: 648 | AU100: 1540 | AV100: 2910 | AW100: 3488.7 | AX100: 3127 | AY100: 2288 | AZ100: 2463 | BA100: 2411 | BB100: 2521 | BC100: 2369 | BD100: 2266 | BE100: 2182 | BF100: 30 | BG100: 0 | BH100: 0 | BI100: 0 | BJ100: 0 | BK100: 0 | BL100: 0
A101: - FC bank loans | D101: 0 | E101: 150 | F101: 0 | G101: 0 | H101: 0 | I101: 0 | J101: 0 | K101: 0 | L101: 0 | M101: 0 | N101: 0 | O101: 0 | P101: 0 | Q101: 0 | R101: 0 | S101: 0 | T101: 970 | U101: 0 | V101: 0 | W101: 0 | X101: 0 | Y101: 0 | Z101: 3610 | AA101: 3350 | AB101: 2766.6667 | AC101: 9900 | AD101: 2600 | AE101: 29515 | AF101: 23076 | AG101: 28342 | AH101: 30218 | AI101: 32094 | AJ101: 28476 | AK101: 28476 | AL101: 0 | AM101: 0 | AN101: 0 | AO101: 0 | AP101: 0 | AQ101: 0 | AR101: 0 | AS101: 0 | AT101: 1233 | AU101: 1286 | AV101: 1055 | AW101: 825 | AX101: 1404 | AY101: 1046 | AZ101: 1005 | BA101: 894 | BB101: 851 | BC101: 701 | BD101: 708 | BE101: 727 | BF101: 98 | BG101: 94 | BH101: 92 | BI101: 96 | BJ101: 94 | BK101: 93 | BL101: 93
A102: - FC bonds | D102: 0 | E102: 0 | F102: 0 | G102: 0 | H102: 0 | I102: 0 | J102: 0 | K102: 0 | L102: 0 | M102: 0 | N102: 0 | O102: 0 | P102: 0 | Q102: 0 | R102: 0 | S102: 0 | T102: 0 | U102: 0 | V102: 0 | W102: 0 | X102: 0 | Y102: 0 | Z102: 0 | AA102: 0 | AB102: 0 | AC102: 0 | AD102: 0 | AE102: 0 | AF102: 0 | AG102: 1200 | AH102: 0 | AI102: 0 | AJ102: 0 | AK102: 0 | AL102: 0 | AM102: 0 | AN102: 0 | AO102: 0 | AP102: 0 | AQ102: 0 | AR102: 0 | AS102: 41000 | AT102: 95000 | AU102: 97281 | AV102: 99405 | AW102: 102600 | AX102: 26076 | AY102: 28857 | AZ102: 28984 | BA102: 29808 | BB102: 11218 | BC102: 11177 | BD102: 11482 | BE102: 11838 | BF102: 46041 | BG102: 44414 | BH102: 47180 | BI102: 3290 | BJ102: 1120 | BK102: 9100 | BL102: 70503
A103: - Other private creditors | D103: 0 | E103: 0 | F103: 0 | G103: 0 | H103: 0 | I103: 0 | J103: 0 | K103: 0 | L103: 0 | M103: 0 | N103: 0 | O103: 0 | P103: 0 | Q103: 0 | R103: 0 | S103: 0 | T103: 0 | U103: 0 | V103: 0 | W103: 0 | X103: 0 | Y103: 0 | Z103: 0 | AA103: **** | AB103: 1375.9563 | AC103: **** | AD103: 1141.523 | AE103: **** | AF103: **** | AG103: **** | AH103: **** | AI103: **** | AJ103: **** | AK103: **** | AL103: 10.551 | AM103: 69.225 | AN103: 0.173 | AO103: 0 | AP103: 0 | AQ103: 0 | AR103: 10.316 | AS103: 0 | AT103: 258 | AU103: 494 | AV103: 409 | AW103: 260 | AX103: 373 | AY103: 345 | AZ103: 301 | BA103: 260 | BB103: 169 | BC103: 187 | BD103: 82 | BE103: 13 | BF103: 11 | BG103: 10 | BH103: 11 | BI103: 11 | BJ103: 10 | BK103: 10 | BL103: 10
A104: - LC debt | D104: 0 | E104: 0 | F104: 0 | G104: 0 | H104: 0 | I104: 0 | J104: 0 | K104: 0 | L104: 0 | M104: 0 | N104: 0 | O104: 0 | P104: 0 | Q104: 0 | R104: 0 | S104: 0 | T104: 0 | U104: 0 | V104: 0 | W104: 0 | X104: 0 | Y104: 0 | Z104: 260 | AA104: 0 | AB104: 0 | AC104: 0 | AD104: 0 | AE104: 0 | AF104: 0 | AG104: 3100 | AH104: 1260 | AI104: 0 | AJ104: 0 | AK104: 0 | AL104: 0 | AM104: 0 | AN104: 0 | AO104: 0 | AP104: 0 | AQ104: 0 | AR104: 0 | AS104: 0 | AT104: 3580 | AU104: 10455 | AV104: 10459 | AW104: 1181 | AX104: 462 | AY104: 375 | AZ104: 334 | BA104: 203 | BB104: 144 | BC104: 112 | BD104: 99 | BE104: 5 | BF104: 4 | BG104: 3 | BH104: 3 | BI104: 3 | BJ104: 2 | BK104: 4182 | BL104: 2
A105: - Domestic arrears | BJ105: 317
A107: Armenia | B107: 4 | AI107: 0 | AJ107: 0 | AK107: 30.8 | AL107: 32.229 | AM107: 76.577 | AN107: 64.034 | AO107: 126.885 | AP107: 31.314 | AQ107: 0 | AR107: 24.915 | AS107: 17.548 | AT107: 14.142 | AU107: 46.06 | AV107: 0 | AW107: 0 | AX107: 0 | AY107: 0 | AZ107: 0 | BA107: 0 | BB107: 0 | BC107: 0 | BD107: 0 | BE107: 0 | BF107: 0 | BG107: 0 | BH107: 0 | BI107: 0 | BJ107: 0 | BK107: 0 | BL107: 0
A108: - Other official creditors | AI108: 0 | AJ108: 0 | AK108: 0 | AL108: 32.229 | AM108: 76.577 | AN108: 64.034 | AO108: 126.885 | AP108: 31.314 | AQ108: 0 | AR108: 24.915 | AS108: 17.548 | AT108: 14.142 | AU108: 46.06 | AV108: 0 | AW108: 0 | AX108: 0 | AY108: 0 | AZ108: 0 | BA108: 0 | BB108: 0 | BC108: 0 | BD108: 0 | BE108: 0 | BF108: 0 | BG108: 0 | BH108: 0 | BI108: 0 | BJ108: 0 | BK108: 0 | BL108: 0
A109: - Other private creditors | AI109: 0 | AJ109: 0 | AK109: 30.8 | AL109: 0 | AM109: 0 | AN109: 0 | AO109: 0 | AP109: 0 | AQ109: 0 | AR109: 0 | AS109: 0 | AT109: 0 | AU109: 0 | AV109: 0 | AW109: 0 | AX109: 0 | AY109: 0 | AZ109: 0 | BA109: 0 | BB109: 0 | BC109: 0 | BD109: 0 | BE109: 0 | BF109: 0 | BG109: 0 | BH109: 0 | BI109: 0 | BJ109: 0 | BK109: 0 | BL109: 0
A111: Azerbaijan | B111: 4 | AI111: 0 | AJ111: 0 | AK111: 0 | AL111: 23.899 | AM111: 41.532 | AN111: 37.981 | AO111: 37.981 | AP111: 0 | AQ111: 0 | AR111: 0 | AS111: 0 | AT111: 0 | AU111: 0 | AV111: 74.817 | AW111: 0 | AX111: 0 | AY111: 0 | AZ111: 0 | BA111: 0 | BB111: 0 | BC111: 0 | BD111: 0 | BE111: 0 | BF111: 0 | BG111: 0 | BH111: 0 | BI111: 0 | BJ111: 0 | BK111: 0 | BL111: 0
A112: - Other official creditors | AI112: 0 | AJ112: 0 | AK112: 0 | AL112: 23.899 | AM112: 41.532 | AN112: 37.981 | AO112: 37.981 | AP112: 0 | AQ112: 0 | AR112: 0 | AS112: 0 | AT112: 0 | AU112: 0 | AV112: 74.817 | AW112: 0 | AX112: 0 | AY112: 0 | AZ112: 0 | BA112: 0 | BB112: 0 | BC112: 0 | BD112: 0 | BE112: 0 | BF112: 0 | BG112: 0 | BH112: 0 | BI112: 0 | BJ112: 0 | BK112: 0 | BL112: 0
A114: Bahamas | B114: 4
A115: - Domestic arrears | BJ115: 356 | BK115: 286 | BL115: 216
A117: Bangladesh | B117: 4 | O117: 0 | P117: 0 | Q117: 0.53 | R117: 1.033 | S117: 2.027 | T117: 3.225 | U117: 4.046 | V117: 5.459 | W117: 1.275 | X117: 0.243 | Y117: 0.258 | Z117: 0.27 | AA117: 0.289 | AB117: 0.267 | AC117: 1.199 | AD117: 2.567 | AE117: 8.189 | AF117: 8.897 | AG117: 10.41 | AH117: 12.52 | AI117: 309.22 | AJ117: 14.076 | AK117: 17.5 | AL117: 27.657 | AM117: 28.227 | AN117: 3.394 | AO117: 3.214 | AP117: 3.532 | AQ117: 4.401 | AR117: 4.401 | AS117: 78.253 | AT117: 102.08 | AU117: 117.805 | AV117: 161.543 | AW117: 17.245 | AX117: 86.393 | AY117: 211.431 | AZ117: 536.705 | BA117: 8.195 | BB117: 256.30631 | BC117: 119.45911 | BD117: 58.667197 | BE117: 26.883064 | BF117: 8.8727516 | BG117: 0 | BH117: 0 | BI117: 0 | BJ117: 0 | BK117: 0 | BL117: 0
A118: - China | BA118: **** | BC118: 103
A119: - Other official creditors | O119: 0 | P119: 0 | Q119: 0.53 | R119: 1.033 | S119: 2.023 | T119: 3.211 | U119: 4.046 | V119: 5.295 | W119: 1.275 | X119: 0.243 | Y119: 0.258 | Z119: 0.27 | AA119: 0.289 | AB119: 0.267 | AC119: 1.199 | AD119: 2.567 | AE119: 8.136 | AF119: 8.821 | AG119: 10.405 | AH119: 12.036 | AI119: 307.469 | AJ119: 13.775 | AK119: 17.488 | AL119: 23.722 | AM119: 28.223 | AN119: 3.394 | AO119: 3.214 | AP119: 3.532 | AQ119: 4.401 | AR119: 4.401 | AS119: 78.253 | AT119: 102.08 | AU119: 117.805 | AV119: 161.543 | AW119: 17.245 | AX119: 86.393 | AY119: 163.22 | AZ119: 536.705 | BA119: 8.195 | BB119: 256.30631 | BC119: 16.459107 | BD119: 58.667197 | BE119: 26.883064 | BF119: 8.8727516 | BG119: 0 | BH119: 0 | BI119: 0 | BJ119: 0 | BK119: 0 | BL119: 0
...

Sheet DATA 
A1: Below are individual country figures presented in the '2020 update' spreadsheet, rearranged for ease of statistical software input. Note: **** values have been replaced with #N/A and global total nominal US-dollar amounts for Paris Club, other official creditor and private creditor categories in 2020 are authors’ estimates.
A6: country | B6: country_group | C6: time | D6: Total | E6: - IMF | F6: - IBRD | G6: - IDA | H6: - Paris Club | I6: - China | J6: - Other official creditors | K6: - Other private creditors | L6: - FC bank loans | M6: - FC bonds | N6: - LC debt | O6: - Domestic arrears
A7: World | B7: World | C7: 1960 | D7: 1939.2725 | E7: 173 | F7: 0 | G7: 0 | H7: 0 | I7: 0 | J7: 79.8 | K7: 225 | L7: 1 | M7: 1349.4725 | N7: 111
A8: World | B8: World | C8: 1961 | D8: 3366.897 | E8: 53 | F8: 0 | G8: 0 | H8: 300 | I8: 0 | J8: 610.2 | K8: 306.81 | L8: 363.5 | M8: 1407.387 | N8: 326
A9: World | B9: World | C9: 1962 | D9: 2249.199 | E9: 54 | F9: 0 | G9: 0 | H9: 270 | I9: 0 | J9: 150.3 | K9: 248.81 | L9: 15 | M9: 1387.089 | N9: 124
A10: World | B10: World | C10: 1963 | D10: 2108.721 | E10: 25.3 | F10: 0 | G10: 0 | H10: 0 | I10: 0 | J10: 163.8 | K10: 413.81 | L10: 50 | M10: 1325.811 | N10: 130
A11: World | B11: World | C11: 1964 | D11: 3417.533 | E11: 211 | F11: 0 | G11: 0 | H11: 270 | I11: 0 | J11: 678.8 | K11: 272.81 | L11: 106 | M11: 1356.923 | N11: 522
A12: World | B12: World | C12: 1965 | D12: 4368.5133 | E12: 188.6 | F12: 0 | G12: 0 | H12: 297 | I12: 0 | J12: 1690.9 | K12: 341.81 | L12: 130.9 | M12: 1572.3033 | N12: 147
A13: World | B13: World | C13: 1966 | D13: 2887.0433 | E13: 114.65 | F13: 0 | G13: 0 | H13: 480 | I13: 0 | J13: 997.6 | K13: 0 | L13: 24 | M13: 1270.7933 | N13: 0
A14: World | B14: World | C14: 1967 | D14: 1851.0025 | E14: 40.15 | F14: 30 | G14: 0 | H14: 110 | I14: 0 | J14: 126.3 | K14: 0 | L14: 27 | M14: 1227.5525 | N14: 290
A15: World | B15: World | C15: 1968 | D15: 2282.797 | E15: 16.8 | F15: 1 | G15: 0 | H15: 484 | I15: 0 | J15: 743.1 | K15: 75 | L15: 104 | M15: 858.89697 | N15: 0
A16: World | B16: World | C16: 1969 | D16: 2094.6905 | E16: 3.5 | F16: 0 | G16: 0 | H16: 859 | I16: 0 | J16: 333 | K16: 1 | L16: 19 | M16: 879.19049 | N16: 0
A17: World | B17: World | C17: 1970 | D17: 5300.8 | E17: 0 | F17: 0 | G17: 0 | H17: 2112 | I17: 0 | J17: 1488.3811 | K17: 133.75961 | L17: 636.7 | M17: 817.95937 | N17: 112
A18: World | B18: World | C18: 1971 | D18: 1199.9573 | E18: 0 | F18: 0 | G18: 0 | H18: 0 | I18: 0 | J18: 197.45555 | K18: 144.75685 | L18: 0 | M18: 857.74494 | N18: 0
... A84: World | B84: World | C84: 2020 | D84: 443242.81 | E84: 4488 | F84: 1015 | G84: 1848 | H84: 44654.917 | I84: 22365.365 | J84: 102031.62 | K84: 21821.663 | L84: 15206.562 | M84: 224737.68 | N84: 5074
A85: Afghanistan | B85: HIPC countries | C85: 1960 | D85: 0 | E85: 0 | G85: 0 | H85: 0 | J85: 0 | K85: 0
A86: Afghanistan | B86: HIPC countries | C86: 1961 | D86: 0 | E86: 0 | G86: 0 | H86: 0 | J86: 0 | K86: 0
A87: Afghanistan | B87: HIPC countries | C87: 1962 | D87: 0 | E87: 0 | G87: 0 | H87: 0 | J87: 0 | K87: 0
A88: Afghanistan | B88: HIPC countries | C88: 1963 | D88: 0 | E88: 0 | G88: 0 | H88: 0 | J88: 0 | K88: 0
A89: Afghanistan | B89: HIPC countries | C89: 1964 | D89: 267 | E89: 0 | G89: 0 | H89: 0 | J89: 267 | K89: 0
A90: Afghanistan | B90: HIPC countries | C90: 1965 | D90: 267 | E90: 0 | G90: 0 | H90: 0 | J90: 267 | K90: 0
A91: Afghanistan | B91: HIPC countries | C91: 1966 | D91: 267 | E91: 0 | G91: 0 | H91: 0 | J91: 267 | K91: 0
A92: Afghanistan | B92: HIPC countries | C92: 1967 | D92: 2.7 | E92: 2.7 | G92: 0 | H92: 0 | J92: 0 | K92: 0
A93: Afghanistan | B93: HIPC countries | C93: 1968 | D93: 0 | E93: 0 | G93: 0 | H93: 0 | J93: 0 | K93: 0
A94: Afghanistan | B94: HIPC countries | C94: 1969 | D94: 0 | E94: 0 | G94: 0 | H94: 0 | J94: 0 | K94: 0
A95: Afghanistan | B95: HIPC countries | C95: 1970 | D95: 0 | E95: 0 | G95: 0 | H95: 0 | J95: 0 | K95: 0
A96: Afghanistan | B96: HIPC countries | C96: 1971 | D96: 0 | E96: 0 | G96: 0 | H96: 0 | J96: 0 | K96: 0
... A122: Afghanistan | B122: HIPC countries | C122: 1980 | D122: 15 | E122: 0 | G122: 0 | H122: 0 | J122: 15 | K122: 0
A123: Afghanistan | B123: HIPC countries | C123: 1981 | D123: 0 | E123: 0 | G123: 0 | H123: 0 | J123: #N/A | K123: 0
A124: Afghanistan | B124: HIPC countries | C124: 1982 | D124: 3 | E124: 0 | G124: 0 | H124: 0 | J124: 3 | K124: 0
A125: Afghanistan | B125: HIPC countries | C125: 1983 | D125: 0 | E125: 0 | G125: 0 | H125: 0 | J125: #N/A | K125: 0
A126: Afghanistan | B126: HIPC countries | C126: 1984 | D126: 0 | E126: 0 | G126: 0 | H126: 0 | J126: #N/A | K126: 0
A127: Afghanistan | B127: HIPC countries | C127: 1985 | D127: 10 | E127: 0 | G127: 0 | H127: 0 | J127: 10 | K127: 0
A128: Afghanistan | B128: HIPC countries | C128: 1986 | D128: 10 | E128: 0 | G128: 0 | H128: 0 | J128: 10 | K128: 0
A129: Afghanistan | B129: HIPC countries | C129: 1987 | D129: 0 | E129: 0 | G129: 0 | H129: 0 | J129: 0 | K129: 0
A130: Afghanistan | B130: HIPC countries | C130: 1988 | D130: 0 | E130: 0 | G130: 0 | H130: 0 | J130: 0 | K130: 0
A131: Afghanistan | B131: HIPC countries | C131: 1989 | D131: 0.372 | E131: 0 | G131: 0.372 | H131: 0 | J131: 0 | K131: 0
A132: Afghanistan | B132: HIPC countries | C132: 1990 | D132: 0 | E132: 0 | G132: 0 | H132: 0 | J132: 0 | K132: 0
A133: Afghanistan | B133: HIPC countries | C133: 1991 | D133: 0 | E133: 0 | G133: 0 | H133: 0 | J133: 0 | K133: 0
A134: Afghanistan | B134: HIPC countries | C134: 1992 | D134: 5 | E134: 0 | G134: 1 | J134: 4 | K134: 0
A135: Afghanistan | B135: HIPC countries | C135: 1993 | D135: 7 | E135: 0 | G135: 1 | J135: 6 | K135: 0
A136: Afghanistan | B136: HIPC countries | C136: 1994 | D136: 22 | E136: 0 | G136: 3 | J136: 19 | K136: 0
A137: Afghanistan | B137: HIPC countries | C137: 1995 | D137: 24.6 | E137: 0.3 | G137: 5 | J137: 19.3 | K137: 0
A138: Afghanistan | B138: HIPC countries | C138: 1996 | D138: 27.5 | E138: 0.3 | G138: 8 | J138: 19.2 | K138: 0
A139: Afghanistan | B139: HIPC countries | C139: 1997 | D139: 32.674327 | E139: 2.9743272 | G139: 11 | J139: 18.7 | K139: 0
A140: Afghanistan | B140: HIPC countries | C140: 1998 | D140: 37.687987 | E140: 4.9879867 | G140: 14 | J140: 18.7 | K140: 0
A141: Afghanistan | B141: HIPC countries | C141: 1999 | D141: 42.192288 | E141: 6.3922877 | G141: 17 | J141: 18.8 | K141: 0
A142: Afghanistan | B142: HIPC countries | C142: 2000 | D142: 284.26502 | E142: 7.9650182 | G142: 21 | H142: #N/A | J142: 255.3 | K142: 0
A143: Afghanistan | B143: HIPC countries | C143: 2001 | D143: 288.7907 | E143: 9.2906994 | G143: 24 | H143: #N/A | J143: 255.5 | K143: 0
A144: Afghanistan | B144: HIPC countries | C144: 2002 | D144: 11394.048 | E144: 11.048016 | G144: 27 | H144: #N/A | J144: 11356 | K144: 0
A145: Afghanistan | B145: HIPC countries | C145: 2003 | D145: 11302 | E145: 0 | G145: 0 | H145: #N/A | J145: 11302 | K145: 0
A146: Afghanistan | B146: HIPC countries | C146: 2004 | D146: 11306 | E146: 0 | G146: 0 | H146: #N/A | J146: 11306 | K146: 0
A147: Afghanistan | B147: HIPC countries | C147: 2005 | D147: 11305 | E147: 0 | G147: 0 | H147: #N/A | J147: 11305 | K147: 0
A148: Afghanistan | B148: HIPC countries | C148: 2006 | D148: 11284.421 | E148: 0 | G148: 0 | H148: 11284 | J148: #N/A | K148: 0.421
A149: Afghanistan | B149: HIPC countries | C149: 2007 | D149: 148.3124 | E149: 0 | G149: 0 | H149: 22 | J149: 125.8794 | K149: 0.433
A150: Afghanistan | B150: HIPC countries | C150: 2008 | D150: 125.4213 | E150: 0 | G150: 0 | H150: 0 | J150: 124.9883 | K150: 0.433
A151: Afghanistan | B151: HIPC countries | C151: 2009 | D151: 88.53993 | E151: 0 | G151: 0 | H151: 0 | J151: 88.10693 | K151: 0.433
A152: Afghanistan | B152: HIPC countries | C152: 2010 | D152: 1027 | E152: 0 | G152: 0 | H152: 1027 | J152: #N/A | K152: 0
A153: Afghanistan | B153: HIPC countries | C153: 2011 | D153: 275.7879 | E153: 0 | G153: 0 | H153: 0 | J153: 275.7879 | K153: 0
A154: Afghanistan | B154: HIPC countries | C154: 2012 | D154: 173.89731 | E154: 0 | G154: 0 | H154: 0 | J154: 173.89731 | K154: 0
A155: Afghanistan | B155: HIPC countries | C155: 2013 | D155: 200.01085 | E155: 0 | G155: 0 | H155: 0 | J155: 200.01085 | K155: 0
A156: Afghanistan | B156: HIPC countries | C156: 2014 | D156: 313.09405 | E156: 0 | G156: 0 | H156: 0 | J156: 313.09405 | K156: 0
A157: Afghanistan | B157: HIPC countries | C157: 2015 | D157: 359.58915 | E157: 0 | G157: 0 | H157: 0 | J157: 359.58915 | K157: 0
A158: Afghanistan | B158: HIPC countries | C158: 2016 | D158: 437.13654 | E158: 0 | G158: 0 | H158: 0 | J158: 437.13654 | K158: 0
A159: Afghanistan | B159: HIPC countries | C159: 2017 | D159: 521.12701 | E159: 0 | G159: 0 | H159: 0 | J159: 521.12701 | K159: 0
A160: Afghanistan | B160: HIPC countries | C160: 2018 | D160: 596.772 | E160: 0 | G160: 0 | H160: 0 | J160: 596.772 | K160: 0
A161: Afghanistan | B161: HIPC countries | C161: 2019 | D161: 670.553 | E161: 0 | G161: 0 | H161: 0 | J161: 670.553 | K161: 0
A162: Afghanistan | B162: HIPC countries | C162: 2020 | D162: 714.3 | E162: 0 | G162: 0 | H162: 0 | J162: 714.3 | K162: 0
A163: Albania | B163: Other developing countries | C163: 1960 | D163: 0 | H163: 0 | L163: 0
A164: Albania | B164: Other developing countries | C164: 1961 | D164: 0 | H164: 0 | L164: 0
A165: Albania | B165: Other developing countries | C165: 1962 | D165: 0 | H165: 0 | L165: 0
A166: Albania | B166: Other developing countries | C166: 1963 | D166: 0 | H166: 0 | L166: 0
A167: Albania | B167: Other developing countries | C167: 1964 | D167: 0 | H167: 0 | L167: 0
A168: Albania | B168: Other developing countries | C168: 1965 | D168: 0 | H168: 0 | L168: 0
A169: Albania | B169: Other developing countries | C169: 1966 | D169: 0 | H169: 0 | L169: 0
A170: Albania | B170: Other developing countries | C170: 1967 | D170: 0 | H170: 0 | L170: 0
A171: Albania | B171: Other developing countries | C171: 1968 | D171: 0 | H171: 0 | L171: 0
A172: Albania | B172: Other developing countries | C172: 1969 | D172: 0 | H172: 0 | L172: 0
A173: Albania | B173: Other developing countries | C173: 1970 | D173: 0 | H173: 0 | J173: 0 | K173: 0 | L173: 0
A174: Albania | B174: Other developing countries | C174: 1971 | D174: 0 | H174: 0 | J174: 0 | K174: 0 | L174: 0
A175: Albania | B175: Other developing countries | C175: 1972 | D175: 0 | H175: 0 | J175: 0 | K175: 0 | L175: 0
A176: Albania | B176: Other developing countries | C176: 1973 | D176: 0 | H176: 0 | J176: 0 | K176: 0 | L176: 0
A177: Albania | B177: Other developing countries | C177: 1974 | D177: 0 | H177: 0 | J177: 0 | K177: 0 | L177: 0
A178: Albania | B178: Other developing countries | C178: 1975 | D178: 0 | H178: 0 | J178: 0 | K178: 0 | L178: 0
A179: Albania | B179: Other developing countries | C179: 1976 | D179: 0 | H179: 0 | J179: 0 | K179: 0 | L179: 0
A180: Albania | B180: Other developing countries | C180: 1977 | D180: 0 | H180: 0 | J180: 0 | K180: 0 | L180: 0
A181: Albania | B181: Other developing countries | C181: 1978 | D181: 0 | H181: 0 | J181: 0 | K181: 0 | L181: 0
A182: Albania | B182: Other developing countries | C182: 1979 | D182: 0 | H182: 0 | J182: 0 | K182: 0 | L182: 0
A183: Albania | B183: Other developing countries | C183: 1980 | D183: 0 | H183: 0 | J183: 0 | K183: 0 | L183: 0
A184: Albania | B184: Other developing countries | C184: 1981 | D184: 0 | H184: 0 | J184: 0 | K184: 0 | L184: 0
... A193: Albania | B193: Other developing countries | C193: 1990 | D193: 0 | H193: 0 | J193: 0 | K193: 0 | L193: 0
A194: Albania | B194: Other developing countries | C194: 1991 | D194: 425 | H194: 0 | J194: 0 | K194: #N/A | L194: 425
A195: Albania | B195: Other developing countries | C195: 1992 | D195: 446.023 | H195: 0 | J195: 4.023 | K195: #N/A | L195: 442
A196: Albania | B196: Other developing countries | C196: 1993 | D196: 571.793 | H196: 109 | J196: 5.793 | K196: #N/A | L196: 457
A197: Albania | B197: Other developing countries | C197: 1994 | D197: 511.848 | H197: 0 | J197: 27.348 | K197: #N/A | L197: 484.5
A198: Albania | B198: Other developing countries | C198: 1995 | D198: 745.262 | H198: 0 | J198: 244.262 | K198: #N/A | L198: 501
A199: Albania | B199: Other developing countries | C199: 1996 | D199: 34.958 | H199: 0 | J199: 19.184 | K199: 15.774 | L199: 0
A200: Albania | B200: Other developing countries | C200: 1997 | D200: 34.402 | H200: 0 | J200: 18.628 | K200: 15.774 | L200: 0
A201: Albania | B201: Other developing countries | C201: 1998 | D201: 109.435 | H201: 75 | J201: 18.661 | K201: 15.774 | L201: 0
A202: Albania | B202: Other developing countries | C202: 1999 | D202: 34.534 | H202: 0 | J202: 18.76 | K202: 15.774 | L202: 0
...

Sheet DEBTTOTAL
B1: 1960 | C1: 1961 | D1: 1962 | E1: 1963 | F1: 1964 | G1: 1965 | H1: 1966 | I1: 1967 | J1: 1968 | K1: 1969 | L1: 1970 | M1: 1971 | N1: 1972 | O1: 1973 | P1: 1974 | Q1: 1975 | R1: 1976 | S1: 1977 | T1: 1978 | U1: 1979 | V1: 1980 | W1: 1981 | X1: 1982 | Y1: 1983 | Z1: 1984 | AA1: 1985 | AB1: 1986 | AC1: 1987 | AD1: 1988 | AE1: 1989 | AF1: 1990 | AG1: 1991 | AH1: 1992 | AI1: 1993 | AJ1: 1994 | AK1: 1995 | AL1: 1996 | AM1: 1997 | AN1: 1998 | AO1: 1999 | AP1: 2000 | AQ1: 2001 | AR1: 2002 | AS1: 2003 | AT1: 2004 | AU1: 2005 | AV1: 2006 | AW1: 2007 | AX1: 2008 | AY1: 2009 | AZ1: 2010 | BA1: 2011 | BB1: 2012 | BC1: 2013 | BD1: 2014 | BE1: 2015 | BF1: 2016 | BG1: 2017 | BH1: 2018 | BI1: 2019 | BJ1: 2020
A2: Afghanistan | B2: 0 | C2: 0 | D2: 0 | E2: 0 | F2: 267 | G2: 267 | H2: 267 | I2: 2.7 | J2: 0 | K2: 0 | L2: 0 | M2: 0 | N2: 37 | O2: 0 | P2: 0 | Q2: 0 | R2: 437 | S2: 0 | T2: 0 | U2: 0 | V2: 15 | W2: 0 | X2: 3 | Y2: 0 | Z2: 0 | AA2: 10 | AB2: 10 | AC2: 0 | AD2: 0 | AE2: 0.372 | AF2: 0 | AG2: 0 | AH2: 5 | AI2: 7 | AJ2: 22 | AK2: 24.6 | AL2: 27.5 | AM2: 32.674327 | AN2: 37.687987 | AO2: 42.192288 | AP2: 284.26502 | AQ2: 288.7907 | AR2: 11394.048 | AS2: 11302 | AT2: 11306 | AU2: 11305 | AV2: 11284.421 | AW2: 148.3124 | AX2: 125.4213 | AY2: 88.53993 | AZ2: 1027 | BA2: 275.7879 | BB2: 173.89731 | BC2: 200.01085 | BD2: 313.09405 | BE2: 359.58915 | BF2: 437.13654 | BG2: 521.12701 | BH2: 596.772 | BI2: 670.553 | BJ2: 714.3
A3: Albania | B3: 0 | C3: 0 | D3: 0 | E3: 0 | F3: 0 | G3: 0 | H3: 0 | I3: 0 | J3: 0 | K3: 0 | L3: 0 | M3: 0 | N3: 0 | O3: 0 | P3: 0 | Q3: 0 | R3: 0 | S3: 0 | T3: 0 | U3: 0 | V3: 0 | W3: 0 | X3: 0 | Y3: 0 | Z3: 0 | AA3: 0 | AB3: 0 | AC3: 0 | AD3: 0 | AE3: 0 | AF3: 0 | AG3: 425 | AH3: 446.023 | AI3: 571.793 | AJ3: 511.848 | AK3: 745.262 | AL3: 34.958 | AM3: 34.402 | AN3: 109.435 | AO3: 34.534 | AP3: 383.268 | AQ3: 271.273 | AR3: 91.072 | AS3: 15.982 | AT3: 19.619 | AU3: 15.774 | AV3: 17.651 | AW3: 16.834 | AX3: 8.7 | AY3: 0.305 | AZ3: 0 | BA3: 0 | BB3: 0 | BC3: 1.232 | BD3: 0 | BE3: 0 | BF3: 0 | BG3: 0.6 | BH3: 0 | BI3: 0.0548619 | BJ3: 0
A4: Algeria | B4: 0 | C4: 0 | D4: 0 | E4: 0 | F4: 0 | G4: 0 | H4: 0 | I4: 0 | J4: 0 | K4: 0 | L4: 0 | M4: 0 | N4: 0 | O4: 0 | P4: 0 | Q4: 0 | R4: 6.423 | S4: 13.012 | T4: 0.959 | U4: 3.486 | V4: 1.7 | W4: 1.7 | X4: 1.7 | Y4: 1.7 | Z4: 0 | AA4: 0 | AB4: 0 | AC4: 0.016 | AD4: 0.016 | AE4: 0 | AF4: 0.764 | AG4: 1260.359 | AH4: 1464.594 | AI4: 910.675 | AJ4: 9540.029 | AK4: 12108.181 | AL4: 3537.518 | AM4: 2212.957 | AN4: 542.532 | AO4: 0 | AP4: 0 | AQ4: 0 | AR4: 0.034 | AS4: 0.01 | AT4: 0.011 | AU4: 4700 | AV4: 0 | AW4: 0 | AX4: 0 | AY4: 0 | AZ4: 0 | BA4: 0 | BB4: 76.7 | BC4: 0 | BD4: 0 | BE4: 0 | BF4: 0 | BG4: 45.6 | BH4: 0.1712819 | BI4: 0 | BJ4: 0
A5: Angola | B5: 0 | C5: 0 | D5: 0 | E5: 0 | F5: 0 | G5: 0 | H5: 0 | I5: 0 | J5: 0 | K5: 0 | L5: 0 | M5: 0 | N5: 0 | O5: 0 | P5: 0 | Q5: 0 | R5: 0 | S5: 0 | T5: 0 | U5: 0 | V5: 0 | W5: 0 | X5: 0 | Y5: 0 | Z5: 0 | AA5: 0 | AB5: 0 | AC5: 0 | AD5: 0 | AE5: 1082.1946 | AF5: 1767.1669 | AG5: 1538.2281 | AH5: 2572.7462 | AI5: 4063.516 | AJ5: 5163.703 | AK5: 5865.977 | AL5: 7330.006 | AM5: 3236.477 | AN5: 5123.868 | AO5: 4613.296 | AP5: 3738.7837 | AQ5: 4370.445 | AR5: 4385.53 | AS5: 5191.557 | AT5: 3760.011 | AU5: 3259.434 | AV5: 2823.3576 | AW5: 519.2935 | AX5: 353.36465 | AY5: 405.05913 | AZ5: 366.34275 | BA5: 333.70492 | BB5: 321.60291 | BC5: 333.93393 | BD5: 326.85534 | BE5: 295.12037 | BF5: 3387.874 | BG5: 110.44183 | BH5: 84.413495 | BI5: 83.395495 | BJ5: 8593.9
A6: Antigua and Barbuda | B6: 0 | C6: 0 | D6: 0 | E6: 0 | F6: 0 | G6: 0 | H6: 0 | I6: 0 | J6: 0 | K6: 0 | L6: 0 | M6: 0 | N6: 0 | O6: 0 | P6: 0 | Q6: 0 | R6: 0 | S6: 0 | T6: 0 | U6: 0 | V6: 0 | W6: 0 | X6: 0 | Y6: 0 | Z6: 0 | AA6: 24 | AB6: 32 | AC6: 0 | AD6: 0 | AE6: 0 | AF6: 0 | AG6: 0 | AH6: 0 | AI6: 0 | AJ6: 0 | AK6: 0 | AL6: 161 | AM6: 175 | AN6: 391 | AO6: 702.114 | AP6: 739.90141 | AQ6: 598 | AR6: 649 | AS6: 794 | AT6: 838 | AU6: 764 | AV6: 762 | AW6: 612 | AX6: 631 | AY6: 707 | AZ6: 684 | BA6: 515 | BB6: 0.4 | BC6: 2.9 | BD6: 18.6 | BE6: 20 | BF6: 8 | BG6: 14 | BH6: 28 | BI6: 21 | BJ6: 42.9
A7: Argentina | B7: 100 | C7: 462 | D7: 362 | E7: 15 | F7: 0 | G7: 472 | H7: 0 | I7: 0 | J7: 0 | K7: 0 | L7: 0 | M7: 0 | N7: 0 | O7: 0 | P7: 0 | Q7: 0 | R7: 970 | S7: 0 | T7: 0 | U7: 0 | V7: 0 | W7: 0 | X7: 3870 | Y7: 3507.1 | Z7: 4469.523 | AA7: 11649.7 | AB7: 4655.523 | AC7: 31736.4 | AD7: 23529.3 | AE7: 35530.3 | AF7: 31834.9 | AG7: 34415.3 | AH7: 32232.3 | AI7: 28476 | AJ7: 10.551 | AK7: 69.225 | AL7: 0.173 | AM7: 0 | AN7: 0 | AO7: 0 | AP7: 10.316 | AQ7: 41000 | AR7: 103289 | AS7: 116644 | AT7: 115873 | AU7: 109529.7 | AV7: 34249 | AW7: 35984 | AX7: 36220 | AY7: 36732 | AZ7: 18068 | BA7: 17696 | BB7: 17750 | BC7: 17839 | BD7: 55874 | BE7: 44536 | BF7: 47301 | BG7: 3415 | BH7: 1241 | BI7: 13400 | BJ7: 72724
A8: Armenia | B8: 0 | C8: 0 | D8: 0 | E8: 0 | F8: 0 | G8: 0 | H8: 0 | I8: 0 | J8: 0 | K8: 0 | L8: 0 | M8: 0 | N8: 0 | O8: 0 | P8: 0 | Q8: 0 | R8: 0 | S8: 0 | T8: 0 | U8: 0 | V8: 0 | W8: 0 | X8: 0 | Y8: 0 | Z8: 0 | AA8: 0 | AB8: 0 | AC8: 0 | AD8: 0 | AE8: 0 | AF8: 0 | AG8: 0 | AH8: 0 | AI8: 30.8 | AJ8: 32.229 | AK8: 76.577 | AL8: 64.034 | AM8: 126.885 | AN8: 31.314 | AO8: 0 | AP8: 24.915 | AQ8: 17.548 | AR8: 14.142 | AS8: 46.06 | AT8: 0 | AU8: 0 | AV8: 0 | AW8: 0 | AX8: 0 | AY8: 0 | AZ8: 0 | BA8: 0 | BB8: 0 | BC8: 0 | BD8: 0 | BE8: 0 | BF8: 0 | BG8: 0 | BH8: 0 | BI8: 0 | BJ8: 0
A9: Azerbaijan | B9: 0 | C9: 0 | D9: 0 | E9: 0 | F9: 0 | G9: 0 | H9: 0 | I9: 0 | J9: 0 | K9: 0 | L9: 0 | M9: 0 | N9: 0 | O9: 0 | P9: 0 | Q9: 0 | R9: 0 | S9: 0 | T9: 0 | U9: 0 | V9: 0 | W9: 0 | X9: 0 | Y9: 0 | Z9: 0 | AA9: 0 | AB9: 0 | AC9: 0 | AD9: 0 | AE9: 0 | AF9: 0 | AG9: 0 | AH9: 0 | AI9: 0 | AJ9: 23.899 | AK9: 41.532 | AL9: 37.981 | AM9: 37.981 | AN9: 0 | AO9: 0 | AP9: 0 | AQ9: 0 | AR9: 0 | AS9: 0 | AT9: 74.817 | AU9: 0 | AV9: 0 | AW9: 0 | AX9: 0 | AY9: 0 | AZ9: 0 | BA9: 0 | BB9: 0 | BC9: 0 | BD9: 0 | BE9: 0 | BF9: 0 | BG9: 0 | BH9: 0 | BI9: 0 | BJ9: 0
A10: Bahamas | B10: 0 | C10: 0 | D10: 0 | E10: 0 | F10: 0 | G10: 0 | H10: 0 | I10: 0 | J10: 0 | K10: 0 | L10: 0 | M10: 0 | N10: 0 | O10: 0 | P10: 0 | Q10: 0 | R10: 0 | S10: 0 | T10: 0 | U10: 0 | V10: 0 | W10: 0 | X10: 0 | Y10: 0 | Z10: 0 | AA10: 0 | AB10: 0 | AC10: 0 | AD10: 0 | AE10: 0 | AF10: 0 | AG10: 0 | AH10: 0 | AI10: 0 | AJ10: 0 | AK10: 0 | AL10: 0 | AM10: 0 | AN10: 0 | AO10: 0 | AP10: 0 | AQ10: 0 | AR10: 0 | AS10: 0 | AT10: 0 | AU10: 0 | AV10: 0 | AW10: 0 | AX10: 0 | AY10: 0 | AZ10: 0 | BA10: 0 | BB10: 0 | BC10: 0 | BD10: 0 | BE10: 0 | BF10: 0 | BG10: 0 | BH10: 0 | BI10: 0 | BJ10: 0
A11: Bangladesh | B11: 0 | D11: 0 | F11: 0 | H11: 0 | J11: 0 | L11: 0 | N11: 0 | O11: 0.53 | P11: 1.033 | Q11: 2.027 | R11: 3.225 | S11: 4.046 | T11: 5.459 | U11: 1.275 | V11: 0.243 | W11: 0.258 | X11: 0.27 | Y11: 0.289 | Z11: 0.267 | AA11: 1.199 | AB11: 2.567 | AC11: 8.189 | AD11: 8.897 | AE11: 10.41 | AF11: 12.52 | AG11: 309.22 | AH11: 14.076 | AI11: 17.5 | AJ11: 27.657 | AK11: 28.227 | AL11: 3.394 | AM11: 3.214 | AN11: 3.532 | AO11: 4.401 | AP11: 4.401 | AQ11: 78.253 | AR11: 102.08 | AS11: 117.805 | AT11: 161.543 | AU11: 17.245 | AV11: 86.393 | AW11: 211.431 | AX11: 536.705 | AY11: 8.195 | AZ11: 256.30631 | BA11: 119.45911 | BB11: 58.667197 | BC11: 26.883064 | BD11: 8.8727516 | BE11: 0 | BF11: 0 | BG11: 0 | BH11: 0 | BI11: 0 | BJ11: 0
A12: Barbados | B12: 0 | C12: 0 | D12: 0 | E12: 0 | F12: 0 | G12: 0 | H12: 0 | I12: 0 | J12: 0 | K12: 0 | L12: 0 | M12: 0 | N12: 0 | O12: 0 | P12: 0 | Q12: 0 | R12: 0 | S12: 0 | T12: 0 | U12: 0 | V12: 0 | W12: 0 | X12: 0 | Y12: 0 | Z12: 0 | AA12: 0 | AB12: 0 | AC12: 0 | AD12: 0 | AE12: 0 | AF12: 0 | AG12: 0 | AH12: 0 | AI12: 0 | AJ12: 0 | AK12: 0 | AL12: 0 | AM12: 0 | AN12: 0 | AO12: 0 | AP12: 0 | AQ12: 0 | AR12: 0 | AS12: 0 | AT12: 0 | AU12: 0 | AV12: 0 | AW12: 0 | AX12: 0 | AY12: 0 | AZ12: 0 | BA12: 0 | BB12: 0 | BC12: 0 | BD12: 0 | BE12: 0 | BF12: 0 | BG12: 0 | BH12: 6960.4 | BI12: 1101.4 | BJ12: 25
A13: Belarus | B13: 0 | C13: 0 | D13: 0 | E13: 0 | F13: 0 | G13: 0 | H13: 0 | I13: 0 | J13: 0 | K13: 0 | L13: 0 | M13: 0 | N13: 0 | O13: 0 | P13: 0 | Q13: 0 | R13: 0 | S13: 0 | T13: 0 | U13: 0 | V13: 0 | W13: 0 | X13: 0 | Y13: 0 | Z13: 0 | AA13: 0 | AB13: 0 | AC13: 0 | AD13: 0 | AE13: 0 | AF13: 0 | AG13: 0 | AH13: 0 | AI13: 6.933 | AJ13: 149.758 | AK13: 158.503 | AL13: 588.884 | AM13: 4.136 | AN13: 15.751 | AO13: 32.846 | AP13: 42.43392 | AQ13: 35.5041 | AR13: 4.557403 | AS13: 20.93 | AT13: 0.511 | AU13: 37.637 | AV13: 26.318 | AW13: 11.896 | AX13: 5.477 | AY13: 37.103 | AZ13: 10.642 | BA13: 16.1 | BB13: 12.227 | BC13: 12.462 | BD13: 15.216 | BE13: 14.519 | BF13: 11.487 | BG13: 11.612 | BH13: 12.161 | BI13: 14.629 | BJ13: 14.629
A14: Belize | B14: 0 | C14: 0 | D14: 0 | E14: 0 | F14: 0 | G14: 0 | H14: 0 | I14: 0 | J14: 0 | K14: 0 | L14: 0 | M14: 0 | N14: 0 | W14: 0.197632 | X14: 0.472821 | Y14: 3.230595 | Z14: 6.144993 | AA14: 0.488055 | AB14: 2.702375 | AC14: 2.460519 | AD14: 3.563852 | AE14: 2.642822 | AF14: 12.01195 | AG14: 1.764069 | AH14: 3.048357 | AI14: 4.723085 | AJ14: 8.268537 | AK14: 1.545853 | AL14: 1.179583 | AM14: 0.014 | AN14: 0 | AO14: 8.64e-05 | AP14: 0 | AQ14: 0.012 | AR14: 1.899912 | AS14: 0.983129 | AT14: 1.307858 | AU14: 8.724944 | AV14: 555.14936 | AW14: 558.26718 | AX14: 8.183571 | AY14: 10.761639 | AZ14: 7.8089342 | BA14: 8.2695553 | BB14: 550.20034 | BC14: 561.23872 | BD14: 6.0339148 | BE14: 7.2783801 | BF14: 4.1031292 | BG14: 532.92937 | BH14: 13.564791 | BI14: 22.731 | BJ14: 629
A15: Benin | B15: 0.8 | C15: 0.8 | D15: 0.8 | E15: 0.8 | F15: 0.8 | G15: 4.3 | H15: 4.3 | I15: 14 | J15: 14 | K15: 14 | L15: 4.340489 | M15: 5.999383 | N15: 9.316107 | O15: 12.619379 | P15: 14.759542 | Q15: 16.719825 | R15: 15.442523 | S15: 16.832511 | T15: 19.098179 | U15: 20.004136 | V15: 18.905969 | W15: 15.504892 | X15: 4.996686 | Y15: 44.907587 | Z15: 87.56664 | AA15: 166.74584 | AB15: 265.92719 | AC15: 394.35031 | AD15: 440.11551 | AE15: 360.262 | AF15: 226.145 | AG15: 161.963 | AH15: 105.18034 | AI15: 97.004 | AJ15: 96.76503 | AK15: 224.9738 | AL15: 212.869 | AM15: 80.56646 | AN15: 81.2975 | AO15: 81.3369 | AP15: 62.9436 | AQ15: 24.40615 | AR15: 20.82265 | AS15: 65 | AT15: 24 | AU15: 22.90741 | AV15: 13.80703 | AW15: 14.12124 | AX15: 22.88658 | AY15: 68.31789 | AZ15: 62.906068 | BA15: 64.897601 | BB15: 97.700349 | BC15: 107.31058 | BD15: 56.144357 | BE15: 102.92848 | BF15: 94.135442 | BG15: 103.22736 | BH15: 106.01467 | BI15: 21.098191 | BJ15: 21.098191
A16: Bhutan | B16: 0 | C16: 0 | D16: 0 | E16: 0 | F16: 0 | G16: 0 | H16: 0 | I16: 0 | J16: 0 | K16: 0 | L16: 0 | M16: 0 | N16: 0 | O16: 0 | P16: 0 | Q16: 0 | R16: 0 | S16: 0 | T16: 0 | U16: 0 | V16: 0 | W16: 0 | X16: 0 | Y16: 0 | Z16: 0 | AA16: 0 | AB16: 0 | AC16: 0 | AD16: 0 | AE16: 0 | AF16: 1.72 | AG16: 3.541 | AH16: 3.488 | AI16: 2.842 | AJ16: 2.034 | AK16: 0.814 | AL16: 0.277 | AM16: 0 | AN16: 0 | AO16: 0 | AP16: 0 | AQ16: 0 | AR16: 0 | AS16: 0 | AT16: 0 | AU16: 8.618 | AV16: 0 | AW16: 0 | AX16: 0 | AY16: 0 | AZ16: 0 | BA16: 0 | BB16: 0 | BC16: 0 | BD16: 0 | BE16: 0 | BF16: 0 | BG16: 0 | BH16: 0 | BI16: 0 | BJ16: 0
A17: Bolivia | B17: 116.547 | C17: 121.19 | D17: 97.833 | E17: 102.776 | F17: 106.119 | G17: 109.762 | H17: 112.405 | I17: 72.048 | J17: 74.691 | K17: 77.334 | L17: 2.999 | M17: 5.298 | N17: 4.134 | O17: 6.378 | P17: 5.418 | Q17: 5.225 | R17: 5.225 | S17: 5.225 | T17: 6.663 | U17: 26.6888 | V17: 196.20253 | W17: 558.16253 | X17: 310.08103 | Y17: 735.1463 | Z17: 586.7305 | AA17: 891.3576 | AB17: 2268.4062 | AC17: 2157.8275 | AD17: 958.55435 | AE17: 1255.8836 | AF17: 560.5145 | AG17: 800.735 | AH17: 424.43073 | AI17: 555.6749 | AJ17: 168.5568 | AK17: 1402.9203 | AL17: 709.12834 | AM17: 442.04474 | AN17: 570.385 | AO17: 76.19946 | AP17: 67.10209 | AQ17: 685 | AR17: 65.32556 | AS17: 55.66054 | AT17: 85.82444 | AU17: 68.0878 | AV17: 44.362762 | AW17: 440.8882 | AX17: 16.84087 | AY17: 12.27535 | AZ17: 0 | BA17: 0 | BB17: 0 | BC17: 0 | BD17: 0.442 | BE17: 0 | BF17: 0 | BG17: 0.86552 | BH17: 0 | BI17: 0 | BJ17: 0
A18: Bosnia & Herzegovina | B18: 0 | C18: 0 | D18: 0 | E18: 0 | F18: 0 | G18: 0 | H18: 0 | I18: 0 | J18: 0 | K18: 0 | L18: 0 | M18: 0 | N18: 0 | O18: 0 | P18: 0 | Q18: 0 | R18: 0 | S18: 0 | T18: 0 | U18: 0 | V18: 0 | W18: 0 | X18: 0 | Y18: 0 | Z18: 0 | AA18: 0 | AB18: 0 | AC18: 0 | AD18: 0 | AE18: 0 | AF18: 0 | AG18: 0 | AH18: 972.1776 | AI18: 1110.1312 | AJ18: 1181.3566 | AK18: 1268.0606 | AL18: 1852 | AM18: 1879 | AN18: 1145 | AO18: 1349.1182 | AP18: 709.144 | AQ18: 4.25 | AR18: 5.281 | AS18: 24.02 | AT18: 3.59 | AU18: 3.79 | AV18: 4.61 | AW18: 5.99 | AX18: 6.83 | AY18: 30.211 | AZ18: 1.69 | BA18: 2.39 | BB18: 0 | BC18: 0 | BD18: 0 | BE18: 0 | BF18: 0.599 | BG18: 14.474706 | BH18: 0 | BI18: 0 | BJ18: 0
A19: Botswana | B19: 0 | C19: 0 | D19: 0 | E19: 0 | F19: 0 | G19: 0 | H19: 0 | I19: 0 | J19: 0 | K19: 0 | L19: 0 | M19: 0 | N19: 0 | O19: 0 | P19: 0 | Q19: 0 | R19: 0 | S19: 0 | T19: 0 | U19: 0.273 | V19: 0 | W19: 0 | X19: 0 | Y19: 0 | Z19: 0 | AA19: 0 | AB19: 0.112 | AC19: 1.807 | AD19: 0.983 | AE19: 2.646 | AF19: 7.266 | AG19: 9.121 | AH19: 12.696 | AI19: 13.59 | AJ19: 22.056 | AK19: 16.858 | AL19: 1.633 | AM19: 2.055 | AN19: 4.186 | AO19: 4.198 | AP19: 4.858 | AQ19: 3.827 | AR19: 1.44 | AS19: 2.84 | AT19: 1.006 | AU19: 5.49 | AV19: 32.033 | AW19: 2.6 | AX19: 457.64 | AY19: 0.525 | AZ19: 0.29 | BA19: 0.29 | BB19: 0.27 | BC19: 0.27 | BD19: 0.24 | BE19: 0.19 | BF19: 0 | BG19: 0.0042724 | BH19: 7.3319882 | BI19: 0.0013828 | BJ19: 0
A20: Brazil | B20: 48 | C20: 811.6 | D20: 43.5 | E20: 112 | F20: 416 | G20: 43 | H20: 0 | I20: 0 | J20: 0 | K20: 0 | L20: 0 | M20: 20.8 | N20: 35 | O20: 40.8 | P20: 39.8 | Q20: 47.371 | R20: 62.83 | S20: 137.893 | T20: 286.377 | U20: 352.69 | V20: 411.435 | W20: 439.478 | X20: 441.296 | Y20: 28266.533 | Z20: 26641.555 | AA20: 17329.883 | AB20: 54301.686 | AC20: 98751.7 | AD20: 68315.1 | AE20: 85564.52 | AF20: 147531.9 | AG20: 28411.036 | AH20: 31888.5 | AI20: 63096.476 | AJ20: 92622.26 | AK20: 5450.458 | AL20: 4901.753 | AM20: 10851.409 | AN20: 3561.105 | AO20: 10647.549 | AP20: 14955.63 | AQ20: 0 | AR20: 0 | AS20: 0.2 | AT20: 0.019 | AU20: 4274.213 | AV20: 104.844 | AW20: 24.1 | AX20: 112.634 | AY20: 47.895 | AZ20: 83.765 | BA20: 1.867 | BB20: 1.458 | BC20: 102.702 | BD20: 1229.618 | BE20: 40.775 | BF20: 6.017 | BG20: 3.297 | BH20: 0 | BI20: 0 | BJ20: 0
A21: Bulgaria | B21: 131.6891 | C21: 133.7759 | D21: 135.8627 | E21: 137.9495 | F21: 140.0363 | G21: 142.1231 | H21: 144.2099 | I21: 128.2171 | J21: 130.0735 | K21: 131.9299 | L21: 133.31703 | M21: 141.81809 | N21: 134.61436 | O21: 135.4631 | P21: 137.76573 | Q21: 124.14164 | R21: 108.64894 | S21: 118.75365 | T21: 127.50815 | U21: 140.0717 | V21: 123.81445 | W21: 101.1997 | X21: 87.21918 | Y21: 77.81345 | Z21: 65.43929 | AA21: 80.01648 | AB21: 80.84592 | AC21: 103.79577 | AD21: 0 | AE21: 3.1 | AF21: 6484.8 | AG21: 7651 | AH21: 7984 | AI21: 8222.06 | AJ21: 8110 | AK21: 342.4 | AL21: 231.87 | AM21: 514.76 | AN21: 267.48 | AO21: 350.39 | AP21: 19.36 | AQ21: 226.56 | AR21: 22.75 | AS21: 4.51 | AT21: 38.6 | AU21: 72.17 | AV21: 14.25 | AW21: 19.61 | AX21: 86.32 | AY21: 122.89 | AZ21: 0 | BA21: 0 | BB21: 0 | BC21: 0.96 | BD21: 0.02 | BE21: 0 | BF21: 0 | BG21: 0 | BH21: 0 | BI21: 0 | BJ21: 0
A22: Burkina Faso | B22: 0 | C22: 0 | D22: 0 | E22: 0 | F22: 0 | G22: 0 | H22: 0 | I22: 0 | J22: 0 | K22: 0 | L22: 0 | M22: 0 | N22: 0 | O22: 0 | P22: 0 | Q22: 0 | R22: 0 | S22: 0 | T22: 0.01 | U22: 0.05 | V22: 0.25 | W22: 0.24 | X22: 1.13 | Y22: 0.99 | Z22: 7.27 | AA22: 12.33 | AB22: 30.97 | AC22: 51.93 | AD22: 61.02 | AE22: 255.91 | AF22: 90.52 | AG22: 129.297 | AH22: 52.438 | AI22: 91.594 | AJ22: 166.336 | AK22: 63.938 | AL22: 111.1 | AM22: 40.837 | AN22: 47.257 | AO22: 44.013 | AP22: 232.7 | AQ22: 68.401 | AR22: 137.7 | AS22: 81.075 | AT22: 181.387 | AU22: 94.112 | AV22: 1329.363 | AW22: 39.273 | AX22: 40.848 | AY22: 36.858 | AZ22: 41.037 | BA22: 34.237 | BB22: 34.462 | BC22: 35.1766 | BD22: 35.09632 | BE22: 34.62587 | BF22: 79.81449 | BG22: 87.33523 | BH22: 83.523951 | BI22: 82.613947 | BJ22: 84
A23: Burundi | B23: 0 | C23: 0 | D23: 0 | E23: 0 | F23: 0 | G23: 0 | H23: 0 | I23: 0 | J23: 0 | K23: 0 | L23: 0 | M23: 0.051408 | N23: 0.156153 | O23: 0.307066 | P23: 0 | Q23: 0 | R23: 0 | S23: 0 | T23: 0 | U23: 0 | V23: 0 | W23: 0 | X23: 2.6005 | Y23: 5.0482 | Z23: 5.393457 | AA23: 7.32057 | AB23: 9.832113 | AC23: 10.974013 | AD23: 1.72972 | AE23: 1.32071 | AF23: 0.729982 | AG23: 0.069691 | AH23: 6.170704 | AI23: 13.271309 | AJ23: 12.705123 | AK23: 5.881301 | AL23: 19.903632 | AM23: 35.526891 | AN23: 56.149841 | AO23: 78.436411 | AP23: 101.81277 | AQ23: 106.5866 | AR23: 131.9666 | AS23: 161.459 | AT23: 140.65245 | AU23: 110.56508 | AV23: 120.80964 | AW23: 77.82605 | AX23: 65.50228 | AY23: 134 | AZ23: 15.271744 | BA23: 48.196555 | BB23: 5.073 | BC23: 6.675 | BD23: 5.702 | BE23: 6.14 | BF23: 5.726 | BG23: 5.7148483 | BH23: 5.7247816 | BI23: 5.7047656 | BJ23: 10.5
A24: Cabo Verde | B24: 0 | C24: 0 | D24: 0 | E24: 0 | F24: 0 | G24: 0 | H24: 0 | I24: 0 | J24: 0 | K24: 0 | L24: 0 | M24: 0 | N24: 0 | O24: 0 | P24: 0 | Q24: 0 | R24: 0 | S24: 0 | T24: 0 | U24: 0 | V24: 0 | W24: 0.006 | X24: 0.019112 | Y24: 0.017049 | Z24: 0.093028 | AA24: 37.559954 | AB24: 43.309938 | AC24: 48.823995 | AD24: 54.545792 | AE24: 63.026424 | AF24: 80.404438 | AG24: 69.023618 | AH24: 66.540608 | AI24: 68.765458 | AJ24: 68.777148 | AK24: 70.720848 | AL24: 27.92118 | AM24: 24.29847 | AN24: 16.48819 | AO24: 88.94066 | AP24: 90.07554 | AQ24: 36.58294 | AR24: 22.48318 | AS24: 15.63438 | AT24: 3.608418 | AU24: 4.050671 | AV24: 3.157 | AW24: 6.123 | AX24: 3.87754 | AY24: 3.936 | AZ24: 3.936 | BA24: 3.936 | BB24: 3.936 | BC24: 3.936 | BD24: 3.936 | BE24: 3.936 | BF24: 3.936 | BG24: 3.936 | BH24: 3.936 | BI24: 3.991313 | BJ24: 22
A25: Cambodia | B25: 0 | C25: 0 | D25: 0 | E25: 0 | F25: 0 | G25: 0 | H25: 0 | I25: 0 | J25: 0 | K25: 0 | L25: 0 | M25: 10 | N25: 17 | O25: 11 | P25: 16 | Q25: 380 | R25: 294 | S25: 298 | T25: 304.49092 | U25: 310.02602 | V25: 314.96283 | W25: 319.9409 | X25: 325.8087 | Y25: 331.66107 | Z25: 337.28793 | AA25: 347.7248 | AB25: 1033.5786 | AC25: 1134.3242 | AD25: 1227.2958 | AE25: 1322.2947 | AF25: 1362.8038 | AG25: 2006.8025 | AH25: 752.0878 | AI25: 849.76772 | AJ25: 927.32 | AK25: 1225.721 | AL25: 883.89 | AM25: 1010.87 | AN25: 1140.3 | AO25: 1265.6 | AP25: 1406.8 | AQ25: 1462.2 | AR25: 1551.4 | AS25: 1608.49 | AT25: 1671.6 | AU25: 1728.8 | AV25: 1787.11 | AW25: 1774.06 | AX25: 1949.3056 | AY25: 1956.0902 | AZ25: 1962.9771 | BA25: 1969.9681 | BB25: 1977.0646 | BC25: 1984.2683 | BD25: 1991.5807 | BE25: 1999.0036 | BF25: 2006.5385 | BG25: 2014.1873 | BH25: 2025 | BI25: 2025 | BJ25: 2025
A26: Cameroon | B26: 0 | C26: 0 | D26: 0 | E26: 0 | F26: 0 | G26: 0 | H26: 0 | I26: 0 | J26: 0 | K26: 0 | L26: 0 | M26: 0 | N26: 0.01218 | O26: 0.051054 | P26: 2.961478 | Q26: 1.611226 | R26: 0 | S26: 1.321999 | T26: 0.868855 | U26: 19.138695 | V26: 16.133273 | W26: 22.181074 | X26: 28.799838 | Y26: 32.798015 | Z26: 36.687589 | AA26: 405.89555 | AB26: 444.03195 | AC26: 510.08135 | AD26: 632.27769 | AE26: 1104.2339 | AF26: 833.86274 | AG26: 1093.2132 | AH26: 1739.4555 | AI26: 1256.6435 | AJ26: 3396.3059 | AK26: 2016.6894 | AL26: 1896.6712 | AM26: 1941.0571 | AN26: 1041.5399 | AO26: 1064.1112 | AP26: 929.32534 | AQ26: 1993.2542 | AR26: 1065.5197 | AS26: 1270.7662 | AT26: 1559.4544 | AU26: 1610.8144 | AV26: 3396.731 | AW26: 332.50391 | AX26: 92.54899 | AY26: 79.51366 | AZ26: 141.58723 | BA26: 0.0030705 | BB26: 64.094443 | BC26: 178.78067 | BD26: 27.128564 | BE26: 2.9906928 | BF26: 288.31222 | BG26: 1082.7111 | BH26: 96.117502 | BI26: 541.52465 | BJ26: 356.3
... A72: Kazakhstan | B72: 0 | C72: 0 | D72: 0 | E72: 0 | F72: 0 | G72: 0 | H72: 0 | I72: 0 | J72: 0 | K72: 0 | L72: 0 | M72: 0 | N72: 0 | O72: 0 | P72: 0 | Q72: 0 | R72: 0 | S72: 0 | T72: 0 | U72: 0 | V72: 0 | W72: 0 | X72: 0 | Y72: 0 | Z72: 0 | AA72: 0 | AB72: 0 | AC72: 0 | AD72: 0 | AE72: 0 | AF72: 0 | AG72: 0 | AH72: 0 | AI72: 21.47 | AJ72: 105.3 | AK72: 161.72 | AL72: 0 | AM72: 0 | AN72: 103.8 | AO72: 388.12 | AP72: 0 | AQ72: 169.72 | AR72: 0 | AS72: 0 | AT72: 0 | AU72: 0 | AV72: 0 | AW72: 0 | AX72: 0 | AY72: 0 | AZ72: 0 | BA72: 0 | BB72: 0 | BC72: 0 | BD72: 1010.427 | BE72: 0.659 | BF72: 515.226 | BG72: 663.007 | BH72: 509.207 | BI72: 428.998 | BJ72: 400
A73: Kenya | B73: 0 | E73: 0 | F73: 0 | G73: 0 | H73: 0 | I73: 0 | J73: 0 | K73: 0 | L73: 0.3 | M73: 0 | N73: 0.011741 | O73: 0.004646 | P73: 0 | Q73: 0.047668 | R73: 0.634124 | S73: 1.142 | T73: 1.713 | U73: 2.284 | V73: 5.664791 | W73: 8.048881 | X73: 9.57393 | Y73: 10.412123 | Z73: 11.030312 | AA73: 14.948662 | AB73: 23.517726 | AC73: 40.851234 | AD73: 65.89867 | AE73: 549.16361 | AF73: 258.1379 | AG73: 361.5482 | AH73: 481.5446 | AI73: 652.4678 | AJ73: 1008.9547 | AK73: 37.47462 | AL73: 24.711428 | AM73: 109.59962 | AN73: 164.08633 | AO73: 246.77752 | AP73: 434.957 | AQ73: 277.3666 | AR73: 183.24529 | AS73: 56.63076 | AT73: 388.95375 | AU73: 268.9352 | AV73: 472.48853 | AW73: 365.20109 | AX73: 337.43834 | AY73: 348.82569 | AZ73: 353.26732 | BA73: 363.70589 | BB73: 341.76997 | BC73: 301.70183 | BD73: 252.79442 | BE73: 237.60925 | BF73: 259.20428 | BG73: 299.69587 | BH73: 359.3842 | BI73: 256.82972 | BJ73: 880.8
A74: Korea (North) | B74: 0 | C74: 0 | D74: 0 | E74: 0 | F74: 0 | G74: 0 | H74: 0 | I74: 0 | J74: 0 | K74: 0 | L74: 0 | M74: 0 | N74: 0 | O74: 0 | P74: 0 | Q74: #N/A | R74: #N/A | S74: #N/A | T74: #N/A | U74: #N/A | V74: #N/A | W74: #N/A | X74: #N/A | Y74: #N/A | Z74: 417.10788 | AA74: 552.1582 | AB74: 747.66522 | AC74: 983.29535 | AD74: 926.03136 | AE74: 973.92146 | AF74: 1251.112 | AG74: 1312.8426 | AH74: 1644.4931 | AI74: 1467.5657 | AJ74: 1756.039 | AK74: 2077.3632 | AL74: 1972.9276 | AM74: 1837.3214 | AN74: 1935.4211 | AO74: 1836.3081 | AP74: 1822.4738 | AQ74: 1848.4058 | AR74: 2313.6445 | AS74: 2815.1907 | AT74: 3135.7716 | AU74: 2821.6649 | AV74: 3208.6091 | AW74: 3662.2702 | AX74: 13380.969 | AY74: 13980.437 | AZ74: 14022.439 | BA74: 14302.248 | BB74: 24704.013 | BC74: 15225.021 | BD74: 6843.5083 | BE74: 6482.937 | BF74: 6197.9119 | BG74: 6548.0749 | BH74: 6194.6631 | BI74: 5988.6175 | BJ74: 6380.383
A75: Kyrgyz Republic | AG75: 0 | AH75: 0 | AI75: 0.900304 | AJ75: 24.42291 | AK75: 21.7476 | AL75: 91.70198 | AM75: 1.114485 | AN75: 0 | AO75: 32.02811 | AP75: 60.91209 | AQ75: 66.863476 | AR75: 104.37675 | AS75: 45.036381 | AT75: 48.753549 | AU75: 555.89906 | AV75: 11.117075 | AW75: 22.43666 | AX75: 16.71572 | AY75: 17.27339 | AZ75: 18.256785 | BA75: 9.7947747 | BB75: 61.427703 | BC75: 199.32678 | BD75: 18.223082 | BE75: 0.0554292 | BF75: 44.994244 | BG75: 30.056965 | BH75: 240 | BI75: 0 | BJ75: 0
A76: Laos | B76: 0 | C76: 0 | D76: 0 | E76: 0 | F76: 0 | G76: 0 | H76: 0 | I76: 0 | J76: 0 | K76: 0 | L76: 0 | M76: 0 | N76: 0.225 | O76: 0.273 | P76: 0.128 | Q76: 0.608789 | R76: 156.11762 | S76: 1.800955 | T76: 3.186875 | U76: 4.261803 | V76: 5.508845 | W76: 5.300848 | X76: 5.24652 | Y76: 4.867941 | Z76: 4.777536 | AA76: 6.752095 | AB76: 8.766914 | AC76: 12.713977 | AD76: 0.668 | AE76: 0.254 | AF76: 1.021 | AG76: 1291.919 | AH76: 0.4 | AI76: 0 | AJ76: 0 | AK76: 0 | AL76: 1.584 | AM76: 1.659 | AN76: 0.696 | AO76: 0.984 | AP76: 1.22 | AQ76: 0.017 | AR76: 0 | AS76: 905 | AT76: 0 | AU76: 0 | AV76: 45 | AW76: 0 | AX76: 0 | AY76: 0 | AZ76: 0 | BA76: 0 | BB76: 0.0026388 | BC76: 0.0027582 | BD76: 0.0024282 | BE76: 0.0021774 | BF76: 0.0021082 | BG76: 0.0023986 | BH76: 0.00229 | BI76: 0.002468 | BJ76: 0
A77: Lebanon | B77: 0 | C77: 0 | D77: 0 | E77: 0 | F77: 0 | G77: 0 | H77: 0 | I77: 0 | J77: 0 | K77: 0 | L77: 0 | M77: 0 | N77: 0 | O77: 0 | P77: 0 | Q77: 0 | R77: 0.3 | S77: 0 | T77: 0 | U77: 0 | V77: 0 | W77: 0 | X77: 8.265 | Y77: 17.933 | Z77: 27.551 | AA77: 37.084 | AB77: 47.129 | AC77: 64.254 | AD77: 96.244 | AE77: 130.399 | AF77: 171.307 | AG77: 183.431 | AH77: 77.798 | AI77: 71.976 | AJ77: 59.595 | AK77: 51.299 | AL77: 0 | AM77: 0 | AN77: 0 | AO77: 0 | AP77: 0 | AQ77: 0 | AR77: 0.125 | AS77: 0 | AT77: 0 | AU77: 0 | AV77: 0 | AW77: 0 | AX77: 0 | AY77: 0 | AZ77: 0 | BA77: 0 | BB77: 0 | BC77: 0 | BD77: 0 | BE77: 0 | BF77: 0 | BG77: 0 | BH77: 0 | BI77: 0 | BJ77: 37502.042
A78: Lesotho | H78: 0 | I78: 0 | J78: 0 | K78: 0 | L78: 0 | M78: 0 | N78: 0 | O78: 0 | P78: 0 | Q78: 0 | R78: 0 | S78: 0 | T78: 0 | U78: 0.000578 | V78: 0 | W78: 0 | X78: 0 | Y78: 0 | Z78: 0 | AA78: 0.195758 | AB78: 0.043939 | AC78: 0.037663 | AD78: 0.04057 | AE78: 0.033 | AF78: 8.121312 | AG78: 3.69621 | AH78: 5.575755 | AI78: 12.051992 | AJ78: 2.884411 | AK78: 0 | AL78: 0 | AM78: 0 | AN78: 0.063361 | AO78: 0 | AP78: 0 | AQ78: 4.6 | AR78: 0 | AS78: 0 | AT78: 0 | AU78: 0 | AV78: 0 | AW78: 5.850245 | AX78: 1.439697 | AY78: 0.001568 | AZ78: 0.0702472 | BA78: 0.216046 | BB78: 0.1299833 | BC78: 0.0702472 | BD78: 0.216046 | BE78: 0.1321607 | BF78: 0.3750295 | BG78: 0.1768764 | BH78: 12.133888 | BI78: 0.30163 | BJ78: 0
A79: Liberia | B79: 0 | C79: 0 | D79: 0 | E79: 122 | F79: 0 | G79: 0 | H79: 0 | I79: 0 | J79: 112 | K79: 5 | L79: 0 | M79: 0.078 | N79: 0.077 | O79: 0.134 | P79: 0.241 | Q79: 0.047 | R79: 0.054 | S79: 0.126 | T79: 1.275 | U79: 1.798 | V79: 37.3 | W79: 43.9 | X79: 60.647 | Y79: 71.3 | Z79: 113.25 | AA79: 469.55434 | AB79: 838.9215 | AC79: 1004.325 | AD79: 1047.7022 | AE79: 1117.7455 | AF79: 1241.1085 | AG79: 1333.853 | AH79: 1390.9026 | AI79: 1459.3808 | AJ79: 1575.8633 | AK79: 1707.5553 | AL79: 1762.9759 | AM79: 1796.9398 | AN79: 1946.006 | AO79: 2015.9386 | AP79: 2147.3597 | AQ79: 2188.8416 | AR79: 2412.6567 | AS79: 2663.7163 | AT79: 2520.4081 | AU79: 2875.8517 | AV79: 3062.6504 | AW79: 3291.556 | AX79: 4066.3197 | AY79: 3061.032 | AZ79: 2948.2398 | BA79: 110.38598 | BB79: 121.04194 | BC79: 92.0248 | BD79: 78.614835 | BE79: 78.596 | BF79: 78.596 | BG79: 78.596 | BH79: 78.596 | BI79: 78.652696 | BJ79: 78.652696
A80: Libya | B80: 0 | C80: 0 | D80: 0 | E80: 0 | F80: 0 | G80: 0 | H80: 0 | I80: 0 | J80: 0 | K80: 0 | L80: 0 | M80: 0 | N80: 0 | O80: 0 | P80: 0 | Q80: 0 | R80: 0 | S80: 0 | T80: 0 | U80: 0 | V80: 0 | W80: 0 | X80: 0 | Y80: 0 | Z80: 0 | AA80: 0 | AB80: 0 | AC80: 0 | AD80: 0 | AE80: 0 | AF80: 0 | AG80: 0 | AH80: 0 | AI80: 0 | AJ80: 0 | AK80: 0 | AL80: 0 | AM80: 0 | AN80: 0 | AO80: 0 | AP80: 0 | AQ80: 0 | AR80: 0 | AS80: 0 | AT80: 441 | AU80: 0 | AV80: 0 | AW80: 0 | AX80: 4500 | AY80: 0 | AZ80: 0 | BA80: 3200 | BB80: 3200 | BC80: 3200 | BD80: 3200 | BE80: 3200 | BF80: 3200 | BG80: 3200 | BH80: 3200 | BI80: 3200 | BJ80: 3200
A81: North Macedonia | B81: 0 | C81: 0 | D81: 0 | E81: 0 | F81: 0 | G81: 0 | H81: 0 | I81: 0 | J81: 0 | K81: 0 | L81: 0 | M81: 0 | N81: 0 | O81: 0 | P81: 0 | Q81: 0 | R81: 0 | S81: 0 | T81: 0 | U81: 0 | V81: 0 | W81: 0 | X81: 0 | Y81: 0 | Z81: 0 | AA81: 0 | AB81: 0 | AC81: 0 | AD81: 0 | AE81: 0 | AF81: 0 | AG81: 0 | AH81: 227.68857 | AI81: 610.01774 | AJ81: 515.60653 | AK81: 614.2148 | AL81: 387.141 | AM81: 665.993 | AN81: 5.192 | AO81: 0.048 | AP81: 46 | AQ81: 11.395 | AR81: 21.94 | AS81: 9.934 | AT81: 25.209 | AU81: 1.178 | AV81: 0 | AW81: 0 | AX81: 0.168 | AY81: 0.548 | AZ81: 2.765 | BA81: 1.453 | BB81: 0.061 | BC81: 0.425 | BD81: 0.3739428 | BE81: 0.3353196 | BF81: 0.1760347 | BG81: 0.5372864 | BH81: 0.59311 | BI81: 0 | BJ81: 0
A82: Madagascar | B82: 0 | C82: 0 | D82: 0 | E82: 0 | F82: 0 | G82: 0 | H82: 0 | I82: 0 | J82: 0 | K82: 0 | L82: 0 | M82: 0 | N82: 0.068 | O82: 0.068 | P82: 0.511 | Q82: 0.5758758 | R82: 0.511 | S82: 0.6857518 | T82: 0.911 | U82: 2.0757678 | V82: 47.408689 | W82: 277 | X82: 245.17263 | Y82: 238.87307 | Z82: 374 | AA82: 323 | AB82: 395 | AC82: 356.44317 | AD82: 346.37654 | AE82: 789.88285 | AF82: 656 | AG82: 635.02435 | AH82: 859.31523 | AI82: 1299.5623 | AJ82: 1402.2139 | AK82: 1685.6511 | AL82: 1764.9772 | AM82: 1646.4906 | AN82: 802.78608 | AO82: 805.10879 | AP82: 869.62418 | AQ82: 951.20698 | AR82: 1248.6694 | AS82: 855.22729 | AT82: 1717.2682 | AU82: 407.95641 | AV82: 434.02708 | AW82: 440.17525 | AX82: 394.9207 | AY82: 384.25719 | AZ82: 383.28827 | BA82: 383.30488 | BB82: 461.63436 | BC82: 332.32187 | BD82: 217.02505 | BE82: 180.20615 | BF82: 173.89635 | BG82: 96.650009 | BH82: 93.205979 | BI82: 93.63108 | BJ82: 97.887423
A83: Malawi | B83: 0 | C83: 0 | D83: 0 | E83: 0 | F83: 0 | G83: 0 | H83: 0 | I83: 0 | J83: 0 | K83: 0 | L83: 0 | M83: 0 | N83: 0 | O83: 0 | P83: 0 | Q83: 0 | R83: 0 | S83: 0 | T83: 0 | U83: 0 | V83: 3.9559896 | W83: 0.377784 | X83: 71.048371 | Y83: 87 | Z83: 0 | AA83: 1.6966639 | AB83: 1.1002297 | AC83: 28.076341 | AD83: 55 | AE83: 47.005601 | AF83: 76.351828 | AG83: 7.6271456 | AH83: 5.2177308 | AI83: 8.2821797 | AJ83: 15.91047 | AK83: 8.6490815 | AL83: 20.195573 | AM83: 20.099151 | AN83: 51.214371 | AO83: 71.545065 | AP83: 109.19093 | AQ83: 159.57358 | AR83: 115.2387 | AS83: 130.99826 | AT83: 93.05232 | AU83: 102.09286 | AV83: 355 | AW83: 4.1983097 | AX83: 16.27399 | AY83: 1.071 | AZ83: 1.273 | BA83: 1.403 | BB83: 1.881 | BC83: 6.6313817 | BD83: 12.245283 | BE83: 2.7317148 | BF83: 3.4197893 | BG83: 12.076234 | BH83: 5.5697414 | BI83: 5.8394555 | BJ83: 6.129
A84: Maldives | B84: 0 | C84: 0 | D84: 0 | E84: 0 | F84: 0 | G84: 0 | H84: 0 | I84: 0 | J84: 0 | K84: 0 | L84: 0 | M84: 0 | N84: 0 | O84: 0 | P84: 0 | Q84: 0 | R84: 0 | S84: 0 | T84: 0.0110376 | U84: 0.0155544 | V84: 0 | W84: 0 | X84: 0 | Y84: 0 | Z84: 0 | AA84: 0 | AB84: 0 | AC84: 0 | AD84: 0 | AE84: 0 | AF84: 0 | AG84: 0 | AH84: 0 | AI84: 0 | AJ84: 0 | AK84: 0 | AL84: 0 | AM84: 0 | AN84: 0 | AO84: 0 | AP84: 0 | AQ84: 0 | AR84: 0 | AS84: 0.0906125 | AT84: 0.5462975 | AU84: 0.3077795 | AV84: 0.2019713 | AW84: 0.0023801 | AX84: 10.206921 | AY84: 9.7726959 | AZ84: 5.1200051 | BA84: 6.4518175 | BB84: 6.6203973 | BC84: 15.721815 | BD84: 9.5627939 | BE84: 3.2929708 | BF84: 1.7622674 | BG84: 0.5128385 | BH84: 1.8141746 | BI84: 14.26682 | BJ84: 50.6
A85: Mali | B85: 0 | C85: 0 | D85: 0 | E85: 0 | F85: 26 | G85: 0 | H85: 0 | I85: 0 | J85: 0 | K85: 0 | L85: 10.941685 | M85: 16.108864 | N85: 21.451767 | O85: 28.143135 | P85: 34.27302 | Q85: 38.996913 | R85: 60.122501 | S85: 85.924019 | T85: 116.98353 | U85: 141.3663 | V85: 76.15179 | W85: 7.3098461 | X85: 10.709929 | Y85: 16.531582 | Z85: 90.902378 | AA85: 98.724592 | AB85: 58.095459 | AC85: 81.524856 | AD85: 57.825879 | AE85: 35.430756 | AF85: 86.757553 | AG85: 204.95534 | AH85: 340.88297 | AI85: 260.55678 | AJ85: 715.92656 | AK85: 369.96671 | AL85: 468.76781 | AM85: 674.83324 | AN85: 598.81971 | AO85: 589.64534 | AP85: 588 | AQ85: 588 | AR85: 706 | AS85: 155 | AT85: 131.63792 | AU85: 119.21006 | AV85: 104.21278 | AW85: 39.61297 | AX85: 51.543541 | AY85: 30.725378 | AZ85: 0.8542009 | BA85: 84.446834 | BB85: 104.81057 | BC85: 111.08059 | BD85: 120.43897 | BE85: 146.25258 | BF85: 142.45668 | BG85: 149.91675 | BH85: 145.01986 | BI85: 123.23641 | BJ85: 125.29096
A86: Mauritania | B86: 0 | C86: 0 | D86: 0 | E86: 0 | F86: 0 | G86: 0 | H86: 0 | I86: 0 | J86: 0 | K86: 1 | L86: 0 | M86: 0.012634 | N86: 0.293475 | O86: 0.6871466 | P86: 0.2414219 | Q86: 0.7352834 | R86: 0.5372542 | S86: 3.8631721 | T86: 32.380299 | U86: 23.577136 | V86: 54.268806 | W86: 32.135943 | X86: 39.670504 | Y86: 59.027773 | Z86: 103.95226 | AA86: 86.477436 | AB86: 100.27543 | AC86: 114.31176 | AD86: 148.31037 | AE86: 297.97619 | AF86: 278.269 | AG86: 311.16027 | AH86: 401.74081 | AI86: 707.94513 | AJ86: 333.36336 | AK86: 383.90665 | AL86: 389.58455 | AM86: 298.73551 | AN86: 407.4871 | AO86: 494.70259 | AP86: 664.29837 | AQ86: 373.58932 | AR86: 799.88285 | AS86: 410.67921 | AT86: 300.62947 | AU86: 309.72332 | AV86: 305.40069 | AW86: 1318.9943 | AX86: 1244.7476 | AY86: 1196.8969 | AZ86: 1230.3204 | BA86: 1057.6561 | BB86: 1054.8544 | BC86: 1055.3795 | BD86: 1048.4009 | BE86: 1045.0177 | BF86: 1044.2161 | BG86: 1045.5082 | BH86: 1045.0022 | BI86: 1045.155 | BJ86: 1135.955
A87: Mauritius | B87: 0 | C87: 0 | D87: 0 | E87: 0 | F87: 0 | G87: 0 | H87: 0 | I87: 0 | J87: 0 | K87: 0 | L87: 0 | M87: 0.0306276 | N87: 0.0727911 | O87: 0 | P87: 0 | Q87: 0 | R87: 0 | S87: 0.3931389 | T87: 0.313313 | U87: 0.6743647 | V87: 2.2969115 | W87: 3.0371964 | X87: 0 | Y87: 0 | Z87: 0.1561275 | AA87: 0 | AB87: 0 | AC87: 0 | AD87: 0.1109353 | AE87: 3.0392575 | AF87: 7.5959825 | AG87: 11.068439 | AH87: 10.273851 | AI87: 12.749274 | AJ87: 2.7614447 | AK87: 0.8479723 | AL87: 0.0579468 | AM87: 0.6305126 | AN87: 0 | AO87: 0 | AP87: 0 | AQ87: 0 | AR87: 0 | AS87: 0 | AT87: 0 | AU87: 0 | AV87: 0 | AW87: 0 | AX87: 0 | AY87: 0 | AZ87: 0 | BA87: 0.0155882 | BB87: 3.6999385 | BC87: 4.2598451 | BD87: 6.7403816 | BE87: 7.5742309 | BF87: 6.4386259 | BG87: 8.3805269 | BH87: 0.10305 | BI87: 0 | BJ87: 0
A88: Mexico | B88: 0 | C88: 0 | D88: 0 | E88: 0 | F88: 0 | G88: 0 | H88: 0 | I88: 0 | J88: 0 | K88: 0 | L88: 0 | M88: 0 | N88: 0 | O88: 0 | P88: 0 | Q88: 0 | R88: 0 | S88: 0 | T88: 0.6 | U88: 1.9 | V88: 0 | W88: 11.3 | X88: 19357.7 | Y88: 24667.8 | Z88: 19223.9 | AA88: 28600 | AB88: 45500 | AC88: 52300 | AD88: 51902.9 | AE88: 50635.5 | AF88: 54300 | AG88: 0 | AH88: 0 | AI88: 0 | AJ88: 0 | AK88: 0 | AL88: 0 | AM88: 0 | AN88: 0 | AO88: 0 | AP88: 0 | AQ88: 0 | AR88: 0 | AS88: 0 | AT88: 0 | AU88: 0 | AV88: 0 | AW88: 0 | AX88: 0 | AY88: 0 | AZ88: 0 | BA88: 0 | BB88: 0 | BC88: 0 | BD88: 0 | BE88: 0 | BF88: 0 | BG88: 0 | BH88: 0 | BI88: 0 | BJ88: 0
A89: Moldova | B89: 0 | C89: 0 | D89: 0 | E89: 0 | F89: 0 | G89: 0 | H89: 0 | I89: 0 | J89: 0 | K89: 0 | L89: 0 | M89: 0 | N89: 0 | O89: 0 | P89: 0 | Q89: 0 | R89: 0 | S89: 0 | T89: 0 | U89: 0 | V89: 0 | W89: 0 | X89: 0 | Y89: 0 | Z89: 0 | AA89: 0 | AB89: 0 | AC89: 0 | AD89: 0 | AE89: 0 | AF89: 0 | AG89: 0 | AH89: 0 | AI89: 5.8684194 | AJ89: 24.909349 | AK89: 46.602287 | AL89: 119.37348 | AM89: 15.631418 | AN89: 104.62793 | AO89: 238.95617 | AP89: 132.74153 | AQ89: 40.585373 | AR89: 94.310836 | AS89: 124.68651 | AT89: 157.15351 | AU89: 134.00958 | AV89: 322.95981 | AW89: 144.60199 | AX89: 150.26415 | AY89: 210.153 | AZ89: 208.566 | BA89: 230.453 | BB89: 293.823 | BC89: 311.168 | BD89: 0 | BE89: 443.47833 | BF89: 392.485 | BG89: 314.358 | BH89: 334.276 | BI89: 290.92 | BJ89: 300
A90: Mongolia | B90: 0 | C90: 0 | D90: 0 | E90: 0 | F90: 0 | G90: 0 | H90: 0 | I90: 0 | J90: 0 | K90: 0 | L90: 0 | M90: 0 | N90: 0 | O90: 0 | P90: 0 | Q90: 0 | R90: 0 | S90: 0 | T90: 0 | U90: 0 | V90: 0 | W90: 0 | X90: 0 | Y90: 0 | Z90: 0 | AA90: 0 | AB90: 0 | AC90: 0 | AD90: 0 | AE90: 0 | AF90: 0 | AG90: 0 | AH90: 7.6769838 | AI90: 18.03253 | AJ90: 16.559321 | AK90: 4.1072403 | AL90: 4.5239274 | AM90: 17.350824 | AN90: 21.631101 | AO90: 40.879984 | AP90: 29.987011 | AQ90: 18.169068 | AR90: 18 | AS90: 18.495069 | AT90: 27.294859 | AU90: 20.867287 | AV90: 41.97197 | AW90: 25.614721 | AX90: 26.130566 | AY90: 9.7012344 | AZ90: 10.635377 | BA90: 10.635377 | BB90: 10.635377 | BC90: 10.635377 | BD90: 10.635377 | BE90: 10.635377 | BF90: 10.635377 | BG90: 10.635377 | BH90: 10.635377 | BI90: 10.635377 | BJ90: 10.635377
A91: Montenegro | B91: 0 | C91: 0 | D91: 0 | E91: 0 | F91: 0 | G91: 0 | H91: 0 | I91: 0 | J91: 0 | K91: 0 | L91: 0 | M91: 0 | N91: 0 | O91: 0 | P91: 0 | Q91: 0 | R91: 0 | S91: 0 | T91: 0 | U91: 0 | V91: 0 | W91: 0 | X91: 0 | Y91: 0 | Z91: 0 | AA91: 0 | AB91: 0 | AC91: 0 | AD91: 0 | AE91: 0 | AF91: 0 | AG91: 0 | AH91: 0 | AS91: 0 | AT91: 0 | AU91: 0 | AV91: 0.172 | AW91: 205.349 | AX91: 0 | AY91: 0.009 | AZ91: 0 | BA91: 15.497 | BB91: 1.174 | BC91: 0 | BD91: 0 | BE91: 0 | BF91: 0 | BG91: 0 | BH91: 0 | BI91: 0 | BJ91: 0
A92: Morocco | B92: 0 | C92: 0 | D92: 0 | E92: 0 | F92: 0 | G92: 0 | H92: 0 | I92: 0 | J92: 0 | K92: 0 | L92: 0.022 | M92: 0 | N92: 0.134 | O92: 0.148 | P92: 0.348 | Q92: 0.236 | R92: 0.989 | S92: 0.232 | T92: 0.529 | U92: 0.263 | V92: 5.384 | W92: 51.466 | X92: 27.38 | Y92: 1277.707 | Z92: 1638.368 | AA92: 1265.676 | AB92: 1489.007 | AC92: 3879.148 | AD92: 940.004 | AE92: 1668.481 | AF92: 6349.639 | AG92: 3954.76 | AH92: 1546.149 | AI92: 247.239 | AJ92: 231.414 | AK92: 230.319 | AL92: 277.512 | AM92: 315.901 | AN92: 333.357 | AO92: 552.369 | AP92: 774.361 | AQ92: 657.223 | AR92: 654.655 | AS92: 19.372 | AT92: 22.585 | AU92: 3.363 | AV92: 3.62 | AW92: 1.816 | AX92: 0.807 | AY92: 0 | AZ92: 0 | BA92: 0.005 | BB92: 0 | BC92: 0 | BD92: 0 | BE92: 0 | BF92: 0 | BG92: 0.0085448 | BH92: 0.0083447 | BI92: 0.0649928 | BJ92: 0.0649928
A93: Mozambique | Q93: 0 | R93: 0 | S93: 0 | T93: 0 | U93: 0 | V93: 750 | W93: 0 | X93: 0 | Y93: 0 | Z93: 143.27197 | AA93: 285.08126 | AB93: 588.33911 | AC93: 1098.1431 | AD93: 794.45304 | AE93: 1009.3527 | AF93: 1450.2816 | AG93: 1337.8993 | AH93: 1173.4644 | AI93: 1044.6442 | AJ93: 1204.4697 | AK93: 1828.4046 | AL93: 1549.8722 | AM93: 1666.3989 | AN93: 1629.4812 | AO93: 1864.6955 | AP93: 1148.736 | AQ93: 2803.7744 | AR93: 805.79355 | AS93: 907.6619 | AT93: 1003.3882 | AU93: 1017.903 | AV93: 971.81403 | AW93: 1090.344 | AX93: 882.38202 | AY93: 905.45613 | AZ93: 1131.977 | BA93: 856.09049 | BB93: 314.98315 | BC93: 603.04842 | BD93: 319.07981 | BE93: 431.96432 | BF93: 1774.3442 | BG93: 4731.2791 | BH93: 3094.3766 | BI93: 3216.2145 | BJ93: 3680.4765
A94: Myanmar | B94: 0 | C94: 0 | D94: 0 | E94: 0 | F94: 384 | G94: 0 | H94: 0 | I94: 0 | J94: 0 | K94: 0 | L94: 0 | M94: 0 | N94: 0 | O94: 0 | P94: 0 | Q94: 0 | R94: 0.03 | S94: 0.062 | T94: 0.096 | U94: 0.13 | V94: 0.164 | W94: 0.198 | X94: 0.232 | Y94: 0.229 | Z94: 0.227 | AA94: 384.93665 | AB94: 57.910147 | AC94: 1448.793 | AD94: 257.8688 | AE94: 332.65245 | AF94: 579.91036 | AG94: 884.7384 | AH94: 1129.1721 | AI94: 1398.913 | AJ94: 1811.4148 | AK94: 1710.5866 | AL94: 1656.8064 | AM94: 1740.8876 | AN94: 1989.3356 | AO94: 2314.773 | AP94: 2293.8754 | AQ94: 2442.7846 | AR94: 3069.0362 | AS94: 3714.0897 | AT94: 3958.9241 | AU94: 3927.3094 | AV94: 4261.8259 | AW94: 5029.3007 | AX94: 5394.09 | AY94: 5799.7796 | AZ94: 6467.2169 | BA94: 6819.042 | BB94: 10901.436 | BC94: 2572.1359 | BD94: 668.7748 | BE94: 647.68456 | BF94: 664.82807 | BG94: 660.94628 | BH94: 799.70398 | BI94: 635.15004 | BJ94: 625
A95: Namibia
A96: Nauru | J96: 0 | K96: 0 | L96: 0 | M96: 0 | N96: 0 | O96: 0 | P96: 0 | Q96: 0 | R96: 0 | S96: 0 | T96: 0 | U96: 0 | V96: 0 | W96: 0 | X96: 0 | Y96: 0 | Z96: 0 | AA96: 0 | AB96: 0 | AC96: 0 | AD96: 0 | AE96: 0 | AF96: 0 | AG96: 0 | AH96: 0 | AI96: 0 | AJ96: 15.02008 | AK96: 75.826186 | AL96: 69.756619 | AM96: 66.507322 | AN96: 65.000588 | AO96: 78.934041 | AP96: 87.572122 | AQ96: 83.916751 | AR96: 85.379026 | AS96: 109.14143 | AT96: 293.30017 | AU96: 109.79124 | AV96: 108.21678 | AW96: 110.99576 | AX96: 127.14526 | AY96: 145.26428 | AZ96: 160.30534 | BA96: 182.37894 | BB96: 187.90404 | BC96: 158.41915 | BD96: 150.59963 | BE96: 135.37895 | BF96: 155.08104 | BG96: 154.45108 | BH96: 161.10998 | BI96: 168.00221 | BJ96: 181
A97: Nepal | B97: 0 | C97: 0 | D97: 0 | E97: 0 | F97: 0 | G97: 0 | H97: 0 | I97: 0 | J97: 0 | K97: 0 | L97: 0 | M97: 0 | N97: 0 | O97: 0 | P97: 0 | Q97: 0 | R97: 0 | S97: 0 | T97: 0 | U97: 0 | V97: 0 | W97: 0 | X97: 0 | Y97: 0 | Z97: 0 | AA97: 0 | AB97: 1.835 | AC97: 4.58 | AD97: 5.636 | AE97: 7.969 | AF97: 10.427 | AG97: 19.858 | AH97: 14.103 | AI97: 9.578 | AJ97: 7.601 | AK97: 10.004 | AL97: 11.718 | AM97: 9.989 | AN97: 10.123 | AO97: 2.87 | AP97: 0.12 | AQ97: 0.078 | AR97: 0 | AS97: 0 | AT97: 0 | AU97: 0 | AV97: 0 | AW97: 0 | AX97: 0 | AY97: 0 | AZ97: 0.3680279 | BA97: 0 | BB97: 4.6499287 | BC97: 0 | BD97: 0 | BE97: 0 | BF97: 0 | BG97: 0 | BH97: 0 | BI97: 0 | BJ97: 0
A98: Nicaragua | B98: 0 | C98: 0 | D98: 0 | E98: 0 | F98: 0 | G98: 0 | H98: 0 | I98: 0 | J98: 0 | K98: 0 | L98: 0 | M98: 0 | N98: 0 | O98: 0.13 | P98: 0 | Q98: 1.1567848 | R98: 4.8751903 | S98: 11.848888 | T98: 93.006981 | U98: 429.05071 | V98: 626.50654 | W98: 204.39226 | X98: 111.72633 | Y98: 322.6498 | Z98: 500.15111 | AA98: 714.63252 | AB98: 1070.8589 | AC98: 1758.353 | AD98: 2744.1707 | AE98: 3297.1214 | AF98: 4200.4459 | AG98: 5117.8878 | AH98: 4741.041 | AI98: 5243.0203 | AJ98: 6396.9004 | AK98: 8193.2807 | AL98: 3605.5456 | AM98: 2460.1622 | AN98: 2907.1411 | AO98: 2637.8189 | AP98: 2834.6274 | AQ98: 2862.1993 | AR98: 2695.5393 | AS98: 3009.9925 | AT98: 2781.6741 | AU98: 2288.3133 | AV98: 2267.1279 | AW98: 2732.9584 | AX98: 2647.8892 | AY98: 957.09794 | AZ98: 961.38625 | BA98: 965.5222 | BB98: 979.6695 | BC98: 1089.6633 | BD98: 1493.3109 | BE98: 1125.1568 | BF98: 1015.1421 | BG98: 1063.3468 | BH98: 1056.2393 | BI98: 1078.6763 | BJ98: 1050
A99: Niger | B99: 0 | C99: 0 | D99: 0 | E99: 0 | F99: 0 | G99: 0 | H99: 0 | I99: 0 | J99: 0 | K99: 0 | L99: 0 | M99: 0.1204485 | N99: 0.2584658 | O99: 0.3842548 | P99: 0.5265579 | Q99: 0.7675841 | R99: 0.8517139 | S99: 0.2388073 | T99: 0.7943964 | U99: 1.3271231 | V99: 1.5662176 | W99: 2.567717 | X99: 1.1728833 | Y99: 35.116333 | Z99: 62.304347 | AA99: 40.467921 | AB99: 78.027421 | AC99: 115.84127 | AD99: 187.12255 | AE99: 446.41446 | AF99: 317.41026 | AG99: 243.81594 | AH99: 133.57755 | AI99: 200.01587 | AJ99: 290.10276 | AK99: 131.94407 | AL99: 171 | AM99: 117.08343 | AN99: 119.55262 | AO99: 151.14257 | AP99: 161.8877 | AQ99: 259 | AR99: 193.99375 | AS99: 92.487764 | AT99: 337 | AU99: 115.87316 | AV99: 95.598172 | AW99: 88.87548 | AX99: 120.12699 | AY99: 80.399121 | AZ99: 90.751096 | BA99: 96.077862 | BB99: 98.731563 | BC99: 103.13864 | BD99: 111.5779 | BE99: 64.14998 | BF99: 69.828238 | BG99: 135.12443 | BH99: 341.42686 | BI99: 242.337 | BJ99: 200
A100: Nigeria | B100: 0 | C100: 0 | D100: 0 | E100: 0 | F100: 0 | G100: 0 | H100: 0 | I100: 290 | J100: 0 | K100: 0 | L100: 114.156 | M100: 0.254 | N100: 9.728 | O100: 7.501 | P100: 6.096 | Q100: 4.03 | R100: 2.64 | S100: 0.323 | T100: 0.471 | U100: 0.03 | V100: 0.301 | W100: 4.543 | X100: 1747.2135 | Y100: 1953.214 | Z100: 7051.842 | AA100: 1190.502 | AB100: 10987 | AC100: 11725.441 | AD100: 13305.807 | AE100: 13221 | AF100: 7802.466 | AG100: 9127 | AH100: 18444.176 | AI100: 6334.476 | AJ100: 9647.153 | AK100: 12914.653 | AL100: 15287.053 | AM100: 15807.482 | AN100: 17877.345 | AO100: 18328.912 | AP100: 25957.705 | AQ100: 26012.705 | AR100: 26303.716 | AS100: 27806.337 | AT100: 29341.503 | AU100: 30096 | AV100: 10890.964 | AW100: 0 | AX100: 0 | AY100: 0 | AZ100: 0 | BA100: 0.002 | BB100: 0 | BC100: 23.520561 | BD100: 0.3706405 | BE100: 0.104 | BF100: 0.104 | BG100: 0.104 | BH100: 0 | BI100: 0 | BJ100: 0
A101: Pakistan | B101: 15 | C101: 0 | D101: 0 | E101: 0 | F101: 0 | G101: 0 | H101: 0 | I101: 0 | J101: 0 | K101: 0 | L101: 0 | M101: 0 | N101: 234 | O101: 107 | P101: 650 | Q101: 182 | R101: 186 | S101: 228 | T101: 312 | U101: 80 | V101: 195 | W101: 260 | X101: 35 | Y101: 28 | Z101: 25 | AA101: 0 | AB101: 0 | AC101: 0 | AD101: 0 | AE101: 19.724 | AF101: 16.075 | AG101: 10.134 | AH101: 0 | AI101: 0 | AJ101: 0 | AK101: 0 | AL101: 0 | AM101: 0 | AN101: 1777.9064 | AO101: 4920 | AP101: 1093.7175 | AQ101: 14501.473 | AR101: 1082.9587 | AS101: 722.27978 | AT101: 481.99953 | AU101: 0 | AV101: 0 | AW101: 1.3 | AX101: 4.81 | AY101: 0 | AZ101: 0 | BA101: 0 | BB101: 0 | BC101: 0 | BD101: 0 | BE101: 0 | BF101: 0 | BG101: 0 | BH101: 0 | BI101: 0 | BJ101: 0
A102: Palau
A103: Panama | B103: 0 | C103: 0 | D103: 0 | E103: 0 | F103: 0 | G103: 0 | H103: 0 | I103: 0 | J103: 0 | K103: 0 | L103: 15 | M103: 0 | N103: 0 | O103: 0 | P103: 0 | Q103: 0 | R103: 0 | S103: 0 | T103: 0 | U103: 0 | V103: 0.8 | W103: 0.1 | X103: 1.5 | Y103: 218.7 | Z103: 218.25 | AA103: 603.2 | AB103: 662.7 | AC103: 3072.9051 | AD103: 3594.8638 | AE103: 4106.9231 | AF103: 4898.9015 | AG103: 4988.968 | AH103: 4424.7013 | AI103: 4406.0843 | AJ103: 4663.9667 | AK103: 4084.516 | AL103: 4588.04 | AM103: 1499.91 | AN103: 239.76 | AO103: 160.16 | AP103: 598.4 | AQ103: 365.55 | AR103: 534.21 | AS103: 176.36 | AT103: 16.31 | AU103: 0 | AV103: 202.93 | AW103: 0.01 | AX103: 28 | AY103: 0 | AZ103: 0 | BA103: 0 | BB103: 0 | BC103: 0 | BD103: 0 | BE103: 0 | BF103: 0 | BG103: 0 | BH103: 0 | BI103: 0 | BJ103: 0
A104: Papua New Guinea | Q104: 0 | R104: 0 | S104: 0 | T104: 0 | U104: 0 | V104: 0 | W104: 0 | X104: 0 | Y104: 0 | Z104: 0 | AA104: 0 | AB104: 0 | AC104: 0 | AD104: 0 | AE104: 0 | AF104: 0 | AG104: 0 | AH104: 0 | AI104: 0 | AJ104: 0 | AK104: 0 | AL104: 9.448 | AM104: 0 | AN104: 0.211 | AO104: 0 | AP104: 0 | AQ104: 0 | AR104: 1.118 | AS104: 0 | AT104: 0 | AU104: 0 | AV104: 0 | AW104: 0 | AX104: 0 | AY104: 0 | AZ104: 0 | BA104: 0 | BB104: 0 | BC104: 0.4576531 | BD104: 1.477215 | BE104: 1.8130941 | BF104: 213.29636 | BG104: 336.42783 | BH104: 622.11461 | BI104: 21.443764 | BJ104: 327
A105: Paraguay | B105: 0 | C105: 0 | D105: 0 | E105: 0 | F105: 0 | G105: 0 | H105: 0 | I105: 0 | J105: 0 | K105: 0 | L105: 1.532 | M105: 1.604 | N105: 1.915 | O105: 1.759 | P105: 1.716 | Q105: 1.695 | R105: 1.797 | S105: 2.273 | T105: 4.735 | U105: 3.34 | V105: 1.846 | W105: 1.317 | X105: 6.632 | Y105: 15.975 | Z105: 26.922 | AA105: 64.278 | AB105: 468.642 | AC105: 482.50488 | AD105: 512.82163 | AE105: 1110.452 | AF105: 1130.4011 | AG105: 489.976 | AH105: 346.068 | AI105: 125.467 | AJ105: 105.476 | AK105: 67.348 | AL105: 62.758 | AM105: 71.567 | AN105: 77.275 | AO105: 65.587 | AP105: 66.234 | AQ105: 51.543 | AR105: 66.476 | AS105: 221.981 | AT105: 147.187 | AU105: 7.601 | AV105: 7.848 | AW105: 7.854 | AX105: 8.713 | AY105: 7.179 | AZ105: 7.235 | BA105: 7.157 | BB105: 7.161 | BC105: 7.111 | BD105: 0 | BE105: 165.525 | BF105: 0 | BG105: 0 | BH105: 0 | BI105: 0 | BJ105: 0
A106: Peru | B106: 0 | C106: 0 | D106: 0 | E106: 0 | F106: 0 | G106: 0 | H106: 0 | I106: 0 | J106: 248 | K106: 100 | L106: 346.8 | M106: 0 | N106: 0 | O106: 0 | P106: 0 | Q106: 0 | R106: 387 | S106: 0 | T106: 864 | U106: 1189 | V106: 386.013 | W106: 33.92937 | X106: 88.305845 | Y106: 2788.1558 | Z106: 3143.8311 | AA106: 4118.2812 | AB106: 6769.7251 | AC106: 8245.6819 | AD106: 10129.936 | AE106: 11409.049 | AF106: 13410.499 | AG106: 15331.994 | AH106: 10415.26 | AI106: 11873.129 | AJ106: 9092.3373 | AK106: 11863.793 | AL106: 17698 | AM106: 11337.753 | AN106: 4893.714 | AO106: 501.263 | AP106: 43.071 | AQ106: 62.807 | AR106: 1283.234 | AS106: 88.171 | AT106: 74.328 | AU106: 92.628 | AV106: 77.604 | AW106: 2428.832 | AX106: 926.154 | AY106: 64.053 | AZ106: 1893.475 | BA106: 51.461 | BB106: 18.955 | BC106: 3.626 | BD106: 494.407 | BE106: 350.926 | BF106: 610.693 | BG106: 0 | BH106: 0 | BI106: 0 | BJ106: 0
A107: Philippines | B107: 0 | C107: 0 | D107: 0 | E107: 0 | F107: 0 | G107: 0 | H107: 0 | I107: 0 | J107: 0 | K107: 0 | L107: 274.9 | M107: 0 | N107: 0 | O107: 0 | P107: 0 | Q107: 0 | R107: 0.117 | S107: 0.143 | T107: 0.177 | U107: 0.548 | V107: 0.494 | W107: 0.484 | X107: 0.718 | Y107: 4259.182 | Z107: 5870.583 | AA107: 5568.06 | AB107: 10821.046 | AC107: 12854.295 | AD107: 3098.957 | AE107: 6499.394 | AF107: 14073.754 | AG107: 12434.841 | AH107: 8353.633 | AI107: 281.13 | AJ107: 585 | AK107: 0 | AL107: 0 | AM107: 0 | AN107: 1.65 | AO107: 1004.146 | AP107: 1.289 | AQ107: 1.289 | AR107: 1.289 | AS107: 1.289 | AT107: 0 | AU107: 1.392 | AV107: 1.839 | AW107: 0.125 | AX107: 0.597 | AY107: 0 | AZ107: 0 | BA107: 0 | BB107: 0 | BC107: 0 | BD107: 0 | BE107: 0 | BF107: 0 | BG107: 0 | BH107: 0 | BI107: 0 | BJ107: 0
A108: Poland | B108: 88.969 | C108: 90.965 | D108: 92.961 | E108: 94.957 | F108: 96.953 | G108: 98.949 | H108: 100.945 | I108: 102.941 | J108: 104.937 | K108: 106.933 | L108: 108.929 | M108: 110.925 | N108: 112.921 | O108: 114.917 | P108: 116.913 | Q108: 118.909 | R108: 7.054716 | S108: 0 | T108: 0 | U108: 0 | V108: 0 | W108: 3863.578 | X108: 1956 | Y108: 2225 | Z108: 1390 | AA108: 13050 | AB108: 6993.4 | AC108: 24730.5 | AD108: 13090.8 | AE108: 10933.7 | AF108: 21380.5 | AG108: 48597.6 | AH108: 16190 | AI108: 13360.3 | AJ108: 14254.6 | AK108: 760.8 | AL108: 29.2 | AM108: 29 | AN108: 2.8 | AO108: 96 | AP108: 120.8 | AQ108: 2.9 | AR108: 2.2 | AS108: 0 | AT108: 0 | AU108: 0 | AV108: 0 | AW108: 0 | AX108: 0 | AY108: 0 | AZ108: 0 | BA108: 0 | BB108: 0 | BC108: 0 | BD108: 0 | BE108: 0 | BF108: 0 | BG108: 0 | BH108: 0 | BI108: 0 | BJ108: 0
A109: Portugal | B109: 0 | C109: 0 | D109: 0 | E109: 0 | F109: 0 | G109: 0 | H109: 0 | I109: 0 | J109: 0 | K109: 0 | L109: 0 | M109: 0 | N109: 0 | O109: 0 | P109: 0 | Q109: 0 | R109: 0 | S109: 0 | T109: 0 | U109: 0 | V109: 0 | W109: 0 | X109: 0 | Y109: 0 | Z109: 0 | AA109: 0 | AB109: 0 | AC109: 0 | AD109: 0 | AE109: 0 | AF109: 0 | AG109: 0 | AH109: 0 | AI109: 0 | AJ109: 0 | AK109: 0 | AL109: 0 | AM109: 0 | AN109: 0 | AO109: 0 | AP109: 0 | AQ109: 0 | AR109: 0 | AS109: 0 | AT109: 0 | AU109: 0 | AV109: 0 | AW109: 0 | AX109: 0 | AY109: 0 | AZ109: 0 | BA109: 0 | BB109: 0 | BC109: 52712 | BD109: 0 | BE109: 0 | BF109: 0 | BG109: 0 | BH109: 0 | BI109: 0 | BJ109: 0
A110: Puerto Rico | B110: 0 | C110: 0 | D110: 0 | E110: 0 | F110: 0 | G110: 0 | H110: 0 | I110: 0 | J110: 0 | K110: 0 | L110: 0 | M110: 0 | N110: 0 | O110: 0 | P110: 0 | Q110: 0 | R110: 0 | S110: 0 | T110: 0 | U110: 0 | V110: 0 | W110: 0 | X110: 0 | Y110: 0 | Z110: 0 | AA110: 0 | AB110: 0 | AC110: 0 | AD110: 0 | AE110: 0 | AF110: 0 | AG110: 0 | AH110: 0 | AI110: 0 | AJ110: 0 | AK110: 0 | AL110: 0 | AM110: 0 | AN110: 0 | AO110: 0 | AP110: 0 | AQ110: 0 | AR110: 0 | AS110: 0 | AT110: 0 | AU110: 0 | AV110: 0 | AW110: 0 | AX110: 0 | AY110: 0 | AZ110: 0 | BA110: 0 | BB110: 0 | BC110: 0 | BD110: 0 | BE110: 1103 | BF110: 25904 | BG110: 46602 | BH110: 49951 | BI110: 53300 | BJ110: 56649
A111: Romania | B111: 272.75692 | C111: 279.62212 | D111: 286.48732 | E111: 293.35252 | F111: 300.21772 | G111: 307.08292 | H111: 313.94812 | I111: 309.65708 | J111: 316.32468 | K111: 322.99228 | L111: 329.36616 | M111: 340.21014 | N111: 341.17345 | O111: 347.19431 | P111: 354.13588 | Q111: 350.89769 | R111: 54.325488 | S111: 0 | T111: 0 | U111: 0 | V111: 95 | W111: 1359.099 | X111: 2021.5 | Y111: 693 | Z111: 0 | AA111: 0 | AB111: 1839.7898 | AC111: 177 | AD111: 0 | AE111: 0 | AF111: 0 | AG111: 0 | AH111: 0 | AI111: 0 | AJ111: 0 | AK111: 0 | AL111: 0 | AM111: 0.204 | AN111: 65.197 | AO111: 66.243903 | AP111: 28.09767 | AQ111: 119.53411 | AR111: 123.92263 | AS111: 39.272136 | AT111: 73.294494 | AU111: 269.79825 | AV111: 264.26525 | AW111: 261.19325 | AX111: 18.332989 | AY111: 39.399017 | AZ111: 39.307763 | BA111: 39.302763 | BB111: 1.2539164 | BC111: 1.1942746 | BD111: 1.8738856 | BE111: 1.8154954 | BF111: 1.7753256 | BG111: 1.8647688 | BH111: 4.9037964 | BI111: 0 | BJ111: 0
A112: Rwanda | D112: 0 | E112: 0 | F112: 0 | G112: 0 | H112: 0 | I112: 0 | J112: 0 | K112: 0 | L112: 0 | M112: 0 | N112: 0 | O112: 0 | P112: 0 | Q112: 0 | R112: 0.045291 | S112: 0.0009501 | T112: 0 | U112: 0.008663 | V112: 0.0158244 | W112: 0 | X112: 0 | Y112: 0 | Z112: 0.476 | AA112: 0 | AB112: 0.6167988 | AC112: 3.3264357 | AD112: 7.2182944 | AE112: 73.140208 | AF112: 9.8868097 | AG112: 13.237171 | AH112: 21.370529 | AI112: 34.286063 | AJ112: 56.464321 | AK112: 141.68115 | AL112: 75.823651 | AM112: 96.579237 | AN112: 164.74497 | AO112: 87.631842 | AP112: 93.575678 | AQ112: 114.3463 | AR112: 120.73065 | AS112: 125.58529 | AT112: 134.75883 | AU112: 203.97243 | AV112: 92.113651 | AW112: 160 | AX112: 34.495497 | AY112: 7.4564122 | AZ112: 6.4014674 | BA112: 4.5598405 | BB112: 4.7331695 | BC112: 5.3697226 | BD112: 5.8278983 | BE112: 5.268275 | BF112: 5.1807778 | BG112: 1.5586857 | BH112: 1.2228008 | BI112: 1.180996 | BJ112: 1.180996
A113: St. Kitts & Nevis | Y113: 0 | Z113: 0 | AA113: 0 | AB113: 0 | AC113: 0 | AD113: 0 | AE113: 0.2 | AF113: 0 | AG113: 0 | AH113: 1.2 | AI113: 1.1 | AJ113: 1.7 | AK113: 1.9 | AL113: 0.2 | AM113: 0.2 | AN113: 0.9 | AO113: 0.7 | AP113: 1.6 | AQ113: 1.9 | AR113: 2 | AS113: 2.9 | AT113: 5.1 | AU113: 4.7 | AV113: 5.5 | AW113: 2.7 | AX113: 11.1 | AY113: 12.1 | AZ113: 3.5 | BA113: 753 | BB113: 758 | BC113: 7.49 | BD113: 0 | BE113: 0 | BF113: 0 | BG113: 0 | BH113: 0 | BI113: 0 | BJ113: 0
A114: St. Lucia | U114: 0 | V114: 0 | W114: 0 | X114: 0 | Y114: 0 | Z114: 0.2 | AA114: 0.3 | AB114: 0.2 | AC114: 0.0128051 | AD114: 0.0912965 | AE114: 0.1120633 | AF114: 1.3662843 | AG114: 0.170875 | AH114: 0.3547077 | AI114: 1.1572627 | AJ114: 0.4236208 | AK114: 0.0005 | AL114: 0 | AM114: 0 | AN114: 0 | AO114: 0 | AP114: 0 | AQ114: 0 | AR114: 0 | AS114: 0.088 | AT114: 0.002 | AU114: 0 | AV114: 0 | AW114: 0.7344909 | AX114: 0.8905103 | AY114: 4.645289 | AZ114: 8.7881615 | BA114: 5.5193316 | BB114: 0.8810519 | BC114: 0.791 | BD114: 0.791 | BE114: 0.795 | BF114: 1.021 | BG114: 0.985 | BH114: 1.2743584 | BI114: 0.791 | BJ114: 5.2
A115: St. Vincent and the Grenadines | K115: 0 | L115: 0 | M115: 0 | N115: 0 | O115: 0 | P115: 0 | Q115: 0 | R115: 0 | S115: 0 | T115: 0 | U115: 0 | V115: 0 | W115: 0 | X115: 0 | Y115: 0.5042337 | Z115: 0.3586669 | AA115: 0.1710558 | AB115: 0.129592 | AC115: 0.2066297 | AD115: 0.0947532 | AE115: 0.1783185 | AF115: 1.0424018 | AG115: 0.2327013 | AH115: 0.0769723 | AI115: 0.0555064 | AJ115: 0.0982637 | AK115: 0.6192761 | AL115: 1.7357885 | AM115: 1.8036021 | AN115: 0.192013 | AO115: 0.4465909 | AP115: 1.3183568 | AQ115: 2.1737853 | AR115: 6.4984901 | AS115: 5.6745703 | AT115: 6.5357564 | AU115: 7.3275873 | AV115: 0.7910117 | AW115: 44.740812 | AX115: 0.4527218 | AY115: 1.3256555 | AZ115: 0.1750536 | BA115: 0.1838834 | BB115: 0.1833103 | BC115: 0.0265524 | BD115: 0.0249328 | BE115: 0.1415097 | BF115: 4.6068982 | BG115: 4.2981111 | BH115: 3.7466728 | BI115: 3.746845 | BJ115: 8.1
A116: Samoa | D116: 0 | E116: 0 | F116: 0 | G116: 0 | H116: 0 | I116: 0 | J116: 0 | K116: 0 | L116: 0 | M116: 0 | N116: 0 | O116: 0 | P116: 0.35 | Q116: 0 | R116: 0 | S116: 0 | T116: 0 | U116: 0 | V116: 0 | W116: 0.659 | X116: 2.171 | Y116: 2.757 | Z116: 1.561 | AA116: 1.69 | AB116: 0 | AC116: 0 | AD116: 0.048 | AE116: 0.148 | AF116: 0 | AG116: 0.007 | AH116: 0 | AI116: 0.302 | AJ116: 0 | AK116: 0 | AL116: 0.003 | AM116: 0.017 | AN116: 0 | AO116: 0 | AP116: 0 | AQ116: 0.023 | AR116: 0.056 | AS116: 0 | AT116: 0 | AU116: 0 | AV116: 12.15 | AW116: 19 | AX116: 0 | AY116: 0.009 | AZ116: 0 | BA116: 0 | BB116: 0.000669 | BC116: 0 | BD116: 0 | BE116: 0 | BF116: 0 | BG116: 0 | BH116: 0 | BI116: 0 | BJ116: 16.9
A117: São Tomé and Príncipe | Q117: 0 | R117: 0 | S117: 0 | T117: 0 | U117: 0 | V117: 0 | W117: 0 | X117: 0 | Y117: 0.0192859 | Z117: 0.4553046 | AA117: 2.9858618 | AB117: 6.3043015 | AC117: 15.956962 | AD117: 21.740311 | AE117: 28.293359 | AF117: 37.037067 | AG117: 44.598944 | AH117: 52.907266 | AI117: 59.71752 | AJ117: 65.326948 | AK117: 71.5108 | AL117: 28.789958 | AM117: 32.738099 | AN117: 38.678878 | AO117: 100.64392 | AP117: 98.703194 | AQ117: 63.330494 | AR117: 63.329609 | AS117: 67.385168 | AT117: 72.768872 | AU117: 74.912172 | AV117: 92.145447 | AW117: 80 | AX117: 101.20959 | AY117: 93.664388 | AZ117: 97.980556 | BA117: 100.03773 | BB117: 97.326363 | BC117: 98.346832 | BD117: 99.363281 | BE117: 99.071987 | BF117: 102.04542 | BG117: 121.96965 | BH117: 103.05412 | BI117: 58.967456 | BJ117: 97.7
A118: Senegal | B118: 0 | C118: 0 | D118: 0 | E118: 0 | F118: 0 | G118: 0 | H118: 0 | I118: 0 | J118: 0 | K118: 0 | L118: 0 | M118: 0.236 | N118: 0.005 | O118: 0.208 | P118: 0.124 | Q118: 0.05 | R118: 0 | S118: 0 | T118: 0 | U118: 0 | V118: 0 | W118: 102.152 | X118: 152.163 | Y118: 148.393 | Z118: 106.369 | AA118: 145.328 | AB118: 94.03 | AC118: 80.034 | AD118: 5.032 | AE118: 1060.063 | AF118: 161.797 | AG118: 263.423 | AH118: 207.953 | AI118: 363.664 | AJ118: 677 | AK118: 331 | AL118: 240.988 | AM118: 11.088 | AN118: 427 | AO118: 9.049 | AP118: 64.489 | AQ118: 47.517 | AR118: 57.395 | AS118: 51.325 | AT118: 463 | AU118: 79.985 | AV118: 2507.081 | AW118: 161.601 | AX118: 7.531 | AY118: 4.568 | AZ118: 26.833383 | BA118: 214.763 | BB118: 0 | BC118: 0.308734 | BD118: 0 | BE118: 1.2074508 | BF118: 0.0885444 | BG118: 0 | BH118: 0 | BI118: 0 | BJ118: 0
A119: Serbia | AH119: 3039.3888 | AI119: 3912.2872 | AJ119: 6368.4927 | AK119: 7338.8445 | AL119: 6847.8779 | AM119: 7161.4862 | AN119: 9108.739 | AO119: 9741.9835 | AP119: 11035.231 | AQ119: 16738.459 | AR119: 7003.297 | AS119: 4145.065 | AT119: 5161.4048 | AU119: 569.57529 | AV119: 251.628 | AW119: 239.674 | AX119: 246.72 | AY119: 253.765 | AZ119: 48 | BA119: 48 | BB119: 48 | BC119: 48 | BD119: 51.958016 | BE119: 48 | BF119: 48 | BG119: 48 | BH119: 48 | BI119: 48 | BJ119: 48
A120: Seychelles | R120: 0 | S120: 0 | T120: 0 | U120: 0 | V120: 0 | W120: 0 | X120: 0 | Y120: 0 | Z120: 0.8 | AA120: 0 | AB120: 2.6 | AC120: 5.4 | AD120: 7.7 | AE120: 7.1 | AF120: 10.5 | AG120: 16.1 | AH120: 16.6 | AI120: 16.7 | AJ120: 20.6 | AK120: 22.3 | AL120: 24.5 | AM120: 29 | AN120: 26.7 | AO120: 24.5 | AP120: 55.9 | AQ120: 107.3 | AR120: 132.4 | AS120: 125.3 | AT120: 144.9 | AU120: 172.6 | AV120: 149.2 | AW120: 172.3 | AX120: 217.6 | AY120: 483 | AZ120: 353.8 | BA120: 86.1 | BB120: 37.7 | BC120: 35.2 | BD120: 0 | BE120: 30 | BF120: 0 | BG120: 0 | BH120: 0 | BI120: 0 | BJ120: 0
A121: Sierra Leone | C121: 0 | D121: 0 | E121: 0 | F121: 0 | G121: 0 | H121: 0 | I121: 0 | J121: 0 | K121: 0 | L121: 0.0262864 | M121: 0.0838437 | N121: 0.0854634 | O121: 0.093033 | P121: 0.816222 | Q121: 5.3542129 | R121: 18.693652 | S121: 65.523852 | T121: 25.919893 | U121: 40.319982 | V121: 60.901849 | W121: 129.44342 | X121: 174.20584 | Y121: 55.702725 | Z121: 59 | AA121: 220.47592 | AB121: 269.12613 | AC121: 276.71932 | AD121: 389.03389 | AE121: 771.5378 | AF121: 886.14357 | AG121: 977.00397 | AH121: 1004.9449 | AI121: 835.57854 | AJ121: 715.7017 | AK121: 609.81818 | AL121: 144.85953 | AM121: 178.15666 | AN121: 144.08461 | AO121: 165.97495 | AP121: 107.22267 | AQ121: 194.12479 | AR121: 95.169228 | AS121: 114.94919 | AT121: 103.57758 | AU121: 298.79325 | AV121: 304.40939 | AW121: 596.10293 | AX121: 227.7835 | AY121: 223.95293 | AZ121: 223.15528 | BA121: 220.08347 | BB121: 220.96882 | BC121: 205.78614 | BD121: 206.21518 | BE121: 201.93593 | BF121: 201.86307 | BG121: 201.855 | BH121: 201.855 | BI121: 201.855 | BJ121: 209.955
A122: Sint Maarten
A123: Slovenia | AH123: 651.53938 | AI123: 677.27587 | AJ123: 714.42602 | AK123: 764.092 | AL123: 812 | AM123: 0 | AN123: 0 | AO123: 0 | AP123: 0 | AQ123: 0 | AR123: 0 | AS123: 0 | AT123: 0 | AU123: 0 | AV123: 0 | AW123: 0 | AX123: 0 | AY123: 0 | AZ123: 0 | BA123: 0 | BB123: 0 | BC123: 0 | BD123: 0 | BE123: 0 | BF123: 0 | BG123: 0 | BH123: 0 | BI123: 0 | BJ123: 0
A124: Solomon Islands | T124: 0 | U124: 0 | V124: 0 | W124: 0 | X124: 0 | Y124: 0 | Z124: 0 | AA124: 0 | AB124: 0 | AC124: 0 | AD124: 0 | AE124: 0 | AF124: 0.31 | AG124: 0.02 | AH124: 8.877 | AI124: 0 | AJ124: 1.183 | AK124: 76.094 | AL124: 71.011 | AM124: 81.086 | AN124: 74.857 | AO124: 71.077 | AP124: 78.86 | AQ124: 86.216 | AR124: 97.928 | AS124: 113.777 | AT124: 88.905 | AU124: 99.699 | AV124: 95.23 | AW124: 21.254 | AX124: 12.405 | AY124: 10.458 | AZ124: 13.106267 | BA124: 25.570604 | BB124: 0.001 | BC124: 0 | BD124: 0 | BE124: 0 | BF124: 0 | BG124: 0 | BH124: 0 | BI124: 0 | BJ124: 0
A125: Somalia | B125: 0 | C125: 0 | D125: 0 | E125: 0 | F125: 0 | G125: 0 | H125: 0 | I125: 0 | J125: 0 | K125: 0 | L125: 0 | M125: 0 | N125: 0 | O125: 0 | P125: 0.56 | Q125: 1.497 | R125: 3.59 | S125: 7.471 | T125: 11.357 | U125: 18.106 | V125: 21.195 | W125: 55.528 | X125: 98.273 | Y125: 171.695 | Z125: 261.767 | AA125: 394.59218 | AB125: 502.51667 | AC125: 736.32829 | AD125: 788.68536 | AE125: 930.96508 | AF125: 1199.3668 | AG125: 1393.7986 | AH125: 1512.9926 | AI125: 1673.4165 | AJ125: 1882.2364 | AK125: 2042.8913 | AL125: 2092.0119 | AM125: 2097.8903 | AN125: 2207.6348 | AO125: 2221.264 | AP125: 2235.0876 | AQ125: 2326.3367 | AR125: 2489.5706 | AS125: 2685.29 | AT125: 2780.0175 | AU125: 2714.2989 | AV125: 2872.2543 | AW125: 3051.8806 | AX125: 3281.0643 | AY125: 3368.7922 | AZ125: 3412.74 | BA125: 3487.5987 | BB125: 3539.3933 | BC125: 3606.9903 | BD125: 4109.2795 | BE125: 4090.474 | BF125: 4655.9323 | BG125: 4449.0269 | BH125: 5034.9597 | BI125: 5241.6897 | BJ125: 5421.6447
A126: South Africa | B126: 0 | C126: 0 | D126: 0 | E126: 0 | F126: 0 | G126: 0 | H126: 0 | I126: 0 | J126: 0 | K126: 0 | L126: 0 | M126: 0 | N126: 0 | O126: 0 | P126: 0 | Q126: 0 | R126: 0 | S126: 0 | T126: 0 | U126: 0 | V126: 0 | W126: 0 | X126: 0 | Y126: 0 | Z126: 0 | AA126: 13628 | AB126: 16900 | AC126: 16900 | AD126: 0 | AE126: 7500 | AF126: 0 | AG126: 0 | AH126: 0 | AI126: 5000 | AJ126: 0 | AK126: 0 | AL126: 0 | AM126: 0 | AN126: 0 | AO126: 0 | AP126: 0 | AQ126: 0 | AR126: 0 | AS126: 0 | AT126: 0.0496963 | AU126: 0.0714635 | AV126: 0 | AW126: 0 | AX126: 0 | AY126: 0 | AZ126: 0 | BA126: 0 | BB126: 0 | BC126: 0 | BD126: 0 | BE126: 0 | BF126: 0 | BG126: 0 | BH126: 0 | BI126: 0.0041485 | BJ126: 0
A127: South Sudan | BB127: 0 | BC127: 374 | BD127: 1584 | BE127: 1728 | BF127: 2040 | BG127: 1869 | BH127: 719 | BI127: 627 | BJ127: 642
A128: Sri Lanka | B128: 0 | C128: 0 | D128: 0 | E128: 0 | F128: 0 | G128: 0 | H128: 0 | I128: 0 | J128: 0 | K128: 0 | L128: 0 | M128: 1.9329408 | N128: 0.3780441 | O128: 0.2114112 | P128: 0.2090165 | Q128: 0.0182115 | R128: 0.5510706 | S128: 0.30906 | T128: 0 | U128: 0 | V128: 0 | W128: 0 | X128: 0 | Y128: 0 | Z128: 0 | AA128: 0 | AB128: 0 | AC128: 0 | AD128: 3.7981737 | AE128: 6.6643429 | AF128: 10.684625 | AG128: 15.59311 | AH128: 22.699506 | AI128: 33.014619 | AJ128: 43.111808 | AK128: 84.100177 | AL128: 342.84812 | AM128: 287.80652 | AN128: 345.13956 | AO128: 393.58139 | AP128: 336.76713 | AQ128: 280.81746 | AR128: 301.50233 | AS128: 4.4418905 | AT128: 0 | AU128: 444.02415 | AV128: 0 | AW128: 1.3148685 | AX128: 7.9100879 | AY128: 0.032627 | AZ128: 0.0573404 | BA128: 0.1271988 | BB128: 307.04618 | BC128: 12.874969 | BD128: 115.16067 | BE128: 76.809779 | BF128: 143.95627 | BG128: 1294.8722 | BH128: 190.00775 | BI128: 226.87697 | BJ128: 165
A129: Sudan | B129: 0 | C129: 0 | D129: 0 | E129: 0 | F129: 0 | G129: 0 | H129: 0 | I129: 0 | J129: 0 | K129: 0 | L129: 0 | M129: 0 | N129: 0 | O129: 0 | P129: 0 | Q129: 0.174 | R129: 23.053 | S129: 176.36 | T129: 248.974 | U129: 955.976 | V129: 613.672 | W129: 899.516 | X129: 951.773 | Y129: 2062.864 | Z129: 2987.7388 | AA129: 3627.6808 | AB129: 4705.8376 | AC129: 6436.7439 | AD129: 6933.3857 | AE129: 9294.4399 | AF129: 10612.828 | AG129: 13054.322 | AH129: 12059.839 | AI129: 12815.171 | AJ129: 14321.945 | AK129: 21230.847 | AL129: 21366.438 | AM129: 21405.849 | AN129: 22562.615 | AO129: 22632.572 | AP129: 20780.313 | AQ129: 21234.742 | AR129: 23205.204 | AS129: 25266.393 | AT129: 26790.429 | AU129: 26411.053 | AV129: 28182.962 | AW129: 30152.691 | AX129: 31331.658 | AY129: 32848.216 | AZ129: 38380.179 | BA129: 39909.778 | BB129: 41475.777 | BC129: 42688.473 | BD129: 44054.82 | BE129: 45625.572 | BF129: 47240.522 | BG129: 49475.129 | BH129: 49483.064 | BI129: 49791.476 | BJ129: 51278.899
A130: Suriname | Q130: 0 | R130: 0 | S130: 0 | T130: 0 | U130: 0 | V130: 0 | W130: 0 | X130: 0 | Y130: 0 | Z130: 0 | AA130: 0 | AB130: 0 | AC130: 0 | AD130: 0 | AE130: 0 | AF130: 0 | AG130: 0 | AH130: 0.2 | AI130: 0 | AJ130: 0 | AK130: 0 | AL130: 0 | AM130: 0 | AN130: 18 | AO130: 34 | AP130: 71 | AQ130: 112 | AR130: 118 | AS130: 107 | AT130: 123 | AU130: 141 | AV130: 148 | AW130: 140 | AX130: 150 | AY130: 117 | AZ130: 48 | BA130: 14 | BB130: 27 | BC130: 17 | BD130: 17 | BE130: 17 | BF130: 17 | BG130: 0 | BH130: 0 | BI130: 0 | BJ130: 713
A131: eSwatini (Swaziland) | J131: 0 | K131: 0 | L131: 0 | M131: 0 | N131: 0 | O131: 0 | P131: 0 | Q131: 0 | R131: 0 | S131: 0 | T131: 0.008 | U131: 0 | V131: 0 | W131: 0 | X131: 0 | Y131: 0 | Z131: 0 | AA131: 0 | AB131: 0.0697224 | AC131: 0.012 | AD131: 0.1289031 | AE131: 0.044954 | AF131: 0.200252 | AG131: 2.0699736 | AH131: 4.1874205 | AI131: 4.6516551 | AJ131: 4.3279007 | AK131: 4.2915716 | AL131: 1.2361045 | AM131: 1.1262338 | AN131: 1.1880059 | AO131: 0.3405594 | AP131: 0.2162831 | AQ131: 0.2469798 | AR131: 2.8794138 | AS131: 4.9218835 | AT131: 0.1062889 | AU131: 6.4934155 | AV131: 6.9276176 | AW131: 1.7202671 | AX131: 1.7973957 | AY131: 3.342137 | AZ131: 15.902553 | BA131: 15.910056 | BB131: 12.612524 | BC131: 12.931736 | BD131: 14.038794 | BE131: 14.839672 | BF131: 18.181377 | BG131: 13.499332 | BH131: 16.326313 | BI131: 22.132443 | BJ131: 20
A132: Syria | B132: 0 | C132: 0 | D132: 0 | E132: 0 | F132: 0 | G132: 3.6 | H132: 0 | I132: 0 | J132: 0 | K132: 0 | L132: 0 | M132: 0 | N132: 0 | O132: 0 | P132: 0 | Q132: 0 | R132: 0 | S132: 0 | T132: 0 | U132: 0 | V132: 0 | W132: 0 | X132: 0 | Y132: 0 | Z132: 0 | AA132: 0 | AB132: 0 | AC132: 65 | AD132: 92 | AE132: 82 | AF132: 257 | AG132: 309 | AH132: 399 | AI132: 407 | AJ132: 432 | AK132: 7790.947 | AL132: 9000.981 | AM132: 9880.505 | AN132: 10869.482 | AO132: 11755.037 | AP132: 11665.733 | AQ132: 12099.239 | AR132: 70 | AS132: 0 | AT132: 0 | AU132: 13400 | AV132: 0 | AW132: 0 | AX132: 4021.249 | AY132: 471.05 | AZ132: 459.38413 | BA132: 471.64946 | BB132: 1061.0937 | BC132: 1669.6615 | BD132: 2094.1325 | BE132: 2388.2146 | BF132: 2679.3657 | BG132: 2993.865 | BH132: 3196.5953 | BI132: 3369.9669 | BJ132: 3553
A133: Tajikistan | AG133: 0 | AH133: 0 | AI133: 0.307 | AJ133: 78.559 | AK133: 185.078 | AL133: 601.025 | AM133: 154.526 | AN133: 306.863 | AO133: 136.888 | AP133: 167.332 | AQ133: 253.517 | AR133: 96.235 | AS133: 34.436 | AT133: 273.201 | AU133: 25.019 | AV133: 102.914 | AW133: 0 | AX133: 0 | AY133: 0 | AZ133: 363.788 | BA133: 299.317 | BB133: 18.39 | BC133: 0.7929018 | BD133: 0.5875495 | BE133: 0.1164014 | BF133: 0.1183011 | BG133: 0.7454914 | BH133: 0.1015278 | BI133: 0 | BJ133: 63.8
A134: Tanzania | C134: 0 | D134: 0 | E134: 0 | F134: 0 | G134: 0 | H134: 0 | I134: 0 | J134: 0 | K134: 0 | L134: 0 | M134: 2.2613378 | N134: 72.710274 | O134: 151.96421 | P134: 219.88134 | Q134: 304.99563 | R134: 495.1967 | S134: 842.78956 | T134: 1359.9582 | U134: 1413.0777 | V134: 2060.8411 | W134: 2322.9835 | X134: 2622.6137 | Y134: 3172.8029 | Z134: 3538.0645 | AA134: 5334.9296 | AB134: 1412.6417 | AC134: 769.96893 | AD134: 1189.8807 | AE134: 1174.2815 | AF134: 1696.1457 | AG134: 1670.0744 | AH134: 2647.428 | AI134: 2089.7797 | AJ134: 2179.7551 | AK134: 2538.0028 | AL134: 2553.6923 | AM134: 4385.0097 | AN134: 1964.4775 | AO134: 2088.4996 | AP134: 2970.7375 | AQ134: 1483.4955 | AR134: 1340.7046 | AS134: 1502.2204 | AT134: 1697.7115 | AU134: 1566.1031 | AV134: 1457.1303 | AW134: 1071.5444 | AX134: 1283.1899 | AY134: 1362.1497 | AZ134: 1446.126 | BA134: 1515.7345 | BB134: 1580.2147 | BC134: 1623.6309 | BD134: 1635.6552 | BE134: 1628.2766 | BF134: 1627.7106 | BG134: 1694.7067 | BH134: 1677.5351 | BI134: 1690 | BJ134: 1740
A135: Thailand | B135: 0 | C135: 0 | D135: 0 | E135: 0 | F135: 0 | G135: 0 | H135: 0 | I135: 0 | J135: 0 | K135: 0 | L135: 0 | M135: 0 | N135: 0 | O135: 0 | P135: 0 | Q135: 0 | R135: 0 | S135: 0 | T135: 0 | U135: 0 | V135: 0 | W135: 0 | X135: 0 | Y135: 0 | Z135: 0 | AA135: 0 | AB135: 0 | AC135: 0 | AD135: 0 | AE135: 0 | AF135: 0 | AG135: 6.805 | AH135: 0 | AI135: 0 | AJ135: 0 | AK135: 0 | AL135: 0 | AM135: 0 | AN135: 5.691 | AO135: 0 | AP135: 0 | AQ135: 0 | AR135: 0 | AS135: 0 | AT135: 0 | AU135: 0 | AV135: 0 | AW135: 0 | AX135: 4.766 | AY135: 8.788 | AZ135: 2.44 | BA135: 4.919 | BB135: 2.26 | BC135: 0 | BD135: 0 | BE135: 0 | BF135: 0 | BG135: 0 | BH135: 0 | BI135: 0 | BJ135: 0
A136: Togo | B136: 0 | C136: 0 | D136: 0 | E136: 0 | F136: 0 | G136: 0 | H136: 0 | I136: 0 | J136: 0 | K136: 0 | L136: 0.1470396 | M136: 2.2378312 | N136: 1.8845176 | O136: 2.2869489 | P136: 0.7857409 | Q136: 0.639569 | R136: 5.1096824 | S136: 9.4729418 | T136: 44.636093 | U136: 333.33746 | V136: 117.74458 | W136: 343.04152 | X136: 196.67981 | Y136: 338.2312 | Z136: 70 | AA136: 30.270716 | AB136: 10.777057 | AC136: 118.49341 | AD136: 208.67885 | AE136: 298.95841 | AF136: 191.91283 | AG136: 49.733396 | AH136: 145.48527 | AI136: 119.42639 | AJ136: 196.99742 | AK136: 561.94662 | AL136: 120.82605 | AM136: 147.96532 | AN136: 52.527926 | AO136: 69.530304 | AP136: 126.7974 | AQ136: 157.81404 | AR136: 249.85411 | AS136: 352.00985 | AT136: 481.50506 | AU136: 476.35784 | AV136: 572.66927 | AW136: 665.00108 | AX136: 774 | AY136: 114.65543 | AZ136: 748.74374 | BA136: 89.631582 | BB136: 23.098519 | BC136: 10.110556 | BD136: 8.0288733 | BE136: 8.647481 | BF136: 5.5521903 | BG136: 4.6747864 | BH136: 4.6207215 | BI136: 4.6207215 | BJ136: 4.6207215
A137: Tonga | L137: 0 | M137: 0 | N137: 0 | O137: 0 | P137: 0 | Q137: 0 | R137: 0 | S137: 0 | T137: 0 | U137: 0 | V137: 0 | W137: 0 | X137: 0 | Y137: 0 | Z137: 0 | AA137: 0 | AB137: 0 | AC137: 0 | AD137: 0 | AE137: 0 | AF137: 0 | AG137: 0 | AH137: 0 | AI137: 0 | AJ137: 0 | AK137: 0 | AL137: 0 | AM137: 0.026501 | AN137: 0.0595043 | AO137: 0.3084122 | AP137: 0.673682 | AQ137: 1.7960968 | AR137: 2.0174025 | AS137: 2.7028648 | AT137: 2.785764 | AU137: 0.6760864 | AV137: 1.4270337 | AW137: 0.8004294 | AX137: 0.9912644 | AY137: 0.7322632 | AZ137: 0.0243912 | BA137: 0.0631211 | BB137: 0.0982149 | BC137: 133.35072 | BD137: 120.81959 | BE137: 1.540476 | BF137: 2.1583355 | BG137: 3.0714417 | BH137: 122.64804 | BI137: 0 | BJ137: 6.3
A138: Trinidad & Tobago | D138: 0 | E138: 0 | F138: 0 | G138: 0 | H138: 0 | I138: 0 | J138: 0 | K138: 0 | L138: 0 | M138: 0 | N138: 0 | O138: 0 | P138: 0 | Q138: 0 | R138: 0 | S138: 0 | T138: 0 | U138: 0 | V138: 0 | W138: 0 | X138: 0 | Y138: 0 | Z138: 0 | AA138: 0 | AB138: 0 | AC138: 0 | AD138: 401.5115 | AE138: 655 | AF138: 110 | AG138: 0 | AH138: 0 | AI138: 0 | AJ138: 0 | AK138: 0 | AL138: 0 | AM138: 0 | AN138: 0 | AO138: 0 | AP138: 0 | AQ138: 0 | AR138: 0 | AS138: 0 | AT138: 0 | AU138: 0 | AV138: 0 | AW138: 0 | AX138: 0 | AY138: 0 | AZ138: 0 | BA138: 0 | BB138: 0 | BC138: 0 | BD138: 0 | BE138: 0 | BF138: 0 | BG138: 0 | BH138: 0 | BI138: 0 | BJ138: 0
A139: Tunisia | B139: 0 | C139: 0 | D139: 0 | E139: 0 | F139: 0 | G139: 0 | H139: 0 | I139: 0 | J139: 0 | K139: 0 | L139: 2.83 | M139: 4.525 | N139: 4.753 | O139: 5.338 | P139: 5.726 | Q139: 5.781 | R139: 5.223 | S139: 5.705 | T139: 6.87 | U139: 6.711 | V139: 6.129 | W139: 4.595 | X139: 4.061 | Y139: 6.613 | Z139: 3.192 | AA139: 16.919 | AB139: 21.353 | AC139: 5.285 | AD139: 0 | AE139: 6.306 | AF139: 22.092 | AG139: 82.256 | AH139: 13.629 | AI139: 3.204 | AJ139: 16.445 | AK139: 0.737 | AL139: 0.191 | AM139: 0 | AN139: 0 | AO139: 0 | AP139: 0 | AQ139: 0 | AR139: 0 | AS139: 0 | AT139: 0 | AU139: 0 | AV139: 0 | AW139: 0 | AX139: 0 | AY139: 0 | AZ139: 0 | BA139: 0 | BB139: 0 | BC139: 5.498 | BD139: 2.4197013 | BE139: 0.27 | BF139: 1.6 | BG139: 0 | BH139: 0 | BI139: 0 | BJ139: 0
A140: Turkey | B140: 0 | C140: 0 | D140: 0 | E140: 0 | F140: 0 | G140: 220 | H140: 0 | I140: 0 | J140: 0 | K140: 0 | L140: 75 | M140: 0.52 | N140: 0 | O140: 0 | P140: 0 | Q140: 0 | R140: 0 | S140: 0.21 | T140: 3300.37 | U140: 4064.45 | V140: 3033.95 | W140: 130.34 | X140: 2925.41 | Y140: 23.54 | Z140: 21.53 | AA140: 0 | AB140: 0 | AC140: 0 | AD140: 0 | AE140: 0 | AF140: 0 | AG140: 0 | AH140: 0 | AI140: 0 | AJ140: 0 | AK140: 0 | AL140: 0 | AM140: 0 | AN140: 0 | AO140: 48280 | AP140: 0 | AQ140: 0 | AR140: 0 | AS140: 0 | AT140: 0 | AU140: 0 | AV140: 0 | AW140: 0 | AX140: 0 | AY140: 0 | AZ140: 0 | BA140: 13.61 | BB140: 0 | BC140: 0 | BD140: 0 | BE140: 0 | BF140: 0 | BG140: 563 | BH140: 0 | BI140: 0 | BJ140: 0
A141: Turkmenistan | AG141: 0 | AH141: 0 | AI141: 0 | AJ141: 38.39732 | AK141: 139.64 | AL141: 64.606154 | AM141: 68.382871 | AN141: 89.487095 | AO141: 90.291492 | AP141: 200.82925 | AQ141: 123.79527 | AR141: 56.309165 | AS141: 25.948554 | AT141: 29.091476 | AU141: 22.01 | AV141: 5.061544 | AW141: 5.136 | AX141: 2.434 | AY141: 2.434 | AZ141: 2.434 | BA141: 2.434 | BB141: 2.434 | BC141: 2.434 | BD141: 2.434 | BE141: 2.434 | BF141: 2.434 | BG141: 2.434 | BH141: 2.434 | BI141: 2.434 | BJ141: 2.434
A142: Tuvalu
A143: Uganda | D143: 0 | E143: 0 | F143: 0 | G143: 0 | H143: 0 | I143: 0 | J143: 0 | K143: 0 | L143: 0.06 | M143: 0.0663598 | N143: 0.431907 | O143: 0.5737238 | P143: 1.003707 | Q143: 4.3152607 | R143: 12.806786 | S143: 15.744356 | T143: 40.096421 | U143: 66.784084 | V143: 100.60657 | W143: 74.471884 | X143: 56.216843 | Y143: 39.037235 | Z143: 47.106408 | AA143: 60.654182 | AB143: 89.815939 | AC143: 351.99235 | AD143: 143.07353 | AE143: 318.71549 | AF143: 369.90683 | AG143: 430.49654 | AH143: 514.72222 | AI143: 442.9958 | AJ143: 318.94933 | AK143: 646.53932 | AL143: 279.4411 | AM143: 283.48615 | AN143: 1129.1433 | AO143: 189.9567 | AP143: 380.14212 | AQ143: 324.90881 | AR143: 323.91251 | AS143: 331.84483 | AT143: 349.72263 | AU143: 315.84966 | AV143: 105.78712 | AW143: 99.754984 | AX143: 83.759442 | AY143: 77.024478 | AZ143: 76.962353 | BA143: 76.951662 | BB143: 76.955371 | BC143: 77.297777 | BD143: 85.061159 | BE143: 70.115333 | BF143: 70.01383 | BG143: 70.118537 | BH143: 70.488641 | BI143: 70.488641 | BJ143: 70.488641
A144: Ukraine | AG144: 0 | AH144: 1.99 | AI144: 31.511 | AJ144: 807.14272 | AK144: 1257.258 | AL144: 123.16841 | AM144: 278.40255 | AN144: 711.09 | AO144: 4326.96 | AP144: 3921.23 | AQ144: 1437.2267 | AR144: 527.01774 | AS144: 697.18051 | AT144: 473.34947 | AU144: 349.89816 | AV144: 435.90717 | AW144: 520.74808 | AX144: 988.02298 | AY144: 3301.3627 | AZ144: 6012.519 | BA144: 511.834 | BB144: 7768.054 | BC144: 231.539 | BD144: 12498.436 | BE144: 21807 | BF144: 4377 | BG144: 5385.732 | BH144: 5645.032 | BI144: 5795.032 | BJ144: 5945.032
A145: Uruguay | B145: 0 | C145: 0 | D145: 0 | E145: 0 | F145: 0 | G145: 161.9 | H145: 0 | I145: 0 | J145: 0 | K145: 0 | L145: 0 | M145: 0 | N145: 0 | O145: 0 | P145: 0 | Q145: 0 | R145: 0 | S145: 0 | T145: 0 | U145: 0 | V145: 0 | W145: 0 | X145: 0 | Y145: 575 | Z145: 111 | AA145: 234 | AB145: 1958 | AC145: 0 | AD145: 1770 | AE145: 0 | AF145: 1608 | AG145: 1610 | AH145: 0 | AI145: 0 | AJ145: 0 | AK145: 0 | AL145: 0 | AM145: 0 | AN145: 0 | AO145: 0 | AP145: 0 | AQ145: 0 | AR145: 0 | AS145: 4977 | AT145: 0 | AU145: 0 | AV145: 0 | AW145: 0 | AX145: 0 | AY145: 0 | AZ145: 0 | BA145: 0 | BB145: 0 | BC145: 0 | BD145: 0 | BE145: 0 | BF145: 0 | BG145: 0 | BH145: 0 | BI145: 0 | BJ145: 0
...

Sheet DefaultCount
B1: 1960 | C1: 1961 | D1: 1962 | E1: 1963 | F1: 1964 | G1: 1965 | H1: 1966 | I1: 1967 | J1: 1968 | K1: 1969 | L1: 1970 | M1: 1971 | N1: 1972 | O1: 1973 | P1: 1974 | Q1: 1975 | R1: 1976 | S1: 1977 | T1: 1978 | U1: 1979 | V1: 1980 | W1: 1981 | X1: 1982 | Y1: 1983 | Z1: 1984 | AA1: 1985 | AB1: 1986 | AC1: 1987 | AD1: 1988 | AE1: 1989 | AF1: 1990 | AG1: 1991 | AH1: 1992 | AI1: 1993 | AJ1: 1994 | AK1: 1995 | AL1: 1996 | AM1: 1997 | AN1: 1998 | AO1: 1999 | AP1: 2000 | AQ1: 2001 | AR1: 2002 | AS1: 2003 | AT1: 2004 | AU1: 2005 | AV1: 2006 | AW1: 2007 | AX1: 2008 | AY1: 2009 | AZ1: 2010 | BA1: 2011 | BB1: 2012 | BC1: 2013 | BD1: 2014 | BE1: 2015 | BF1: 2016 | BG1: 2017 | BH1: 2018 | BI1: 2019 | BJ1: 2020
A2: =DEBTTOTAL!A2 -> Afghanistan | B2: =IF(OR(DEBTTOTAL!B2<=0, DEBTTOTAL!B2=""), 0, 1) -> 0 | C2: =IF(OR(DEBTTOTAL!C2<=0, DEBTTOTAL!C2=""), 0, 1) -> 0 | D2: =IF(OR(DEBTTOTAL!D2<=0, DEBTTOTAL!D2=""), 0, 1) -> 0 | E2: =IF(OR(DEBTTOTAL!E2<=0, DEBTTOTAL!E2=""), 0, 1) -> 0 | F2: =IF(OR(DEBTTOTAL!F2<=0, DEBTTOTAL!F2=""), 0, 1) -> 1 | G2: =IF(OR(DEBTTOTAL!G2<=0, DEBTTOTAL!G2=""), 0, 1) -> 1 | H2: =IF(OR(DEBTTOTAL!H2<=0, DEBTTOTAL!H2=""), 0, 1) -> 1 | I2: =IF(OR(DEBTTOTAL!I2<=0, DEBTTOTAL!I2=""), 0, 1) -> 1 | ... BJ2: =IF(OR(DEBTTOTAL!BJ2<=0, DEBTTOTAL!BJ2=""), 0, 1) -> 1
A3: =DEBTTOTAL!A3 -> Albania | B3: =IF(OR(DEBTTOTAL!B3<=0, DEBTTOTAL!B3=""), 0, 1) -> 0 | C3: =IF(OR(DEBTTOTAL!C3<=0, DEBTTOTAL!C3=""), 0, 1) -> 0 | D3: =IF(OR(DEBTTOTAL!D3<=0, DEBTTOTAL!D3=""), 0, 1) -> 0 | E3: =IF(OR(DEBTTOTAL!E3<=0, DEBTTOTAL!E3=""), 0, 1) -> 0 | F3: =IF(OR(DEBTTOTAL!F3<=0, DEBTTOTAL!F3=""), 0, 1) -> 0 | G3: =IF(OR(DEBTTOTAL!G3<=0, DEBTTOTAL!G3=""), 0, 1) -> 0 | H3: =IF(OR(DEBTTOTAL!H3<=0, DEBTTOTAL!H3=""), 0, 1) -> 0 | I3: =IF(OR(DEBTTOTAL!I3<=0, DEBTTOTAL!I3=""), 0, 1) -> 0 | ... BJ3: =IF(OR(DEBTTOTAL!BJ3<=0, DEBTTOTAL!BJ3=""), 0, 1) -> 0
A4: =DEBTTOTAL!A4 -> Algeria | B4: =IF(OR(DEBTTOTAL!B4<=0, DEBTTOTAL!B4=""), 0, 1) -> 0 | C4: =IF(OR(DEBTTOTAL!C4<=0, DEBTTOTAL!C4=""), 0, 1) -> 0 | D4: =IF(OR(DEBTTOTAL!D4<=0, DEBTTOTAL!D4=""), 0, 1) -> 0 | E4: =IF(OR(DEBTTOTAL!E4<=0, DEBTTOTAL!E4=""), 0, 1) -> 0 | F4: =IF(OR(DEBTTOTAL!F4<=0, DEBTTOTAL!F4=""), 0, 1) -> 0 | G4: =IF(OR(DEBTTOTAL!G4<=0, DEBTTOTAL!G4=""), 0, 1) -> 0 | H4: =IF(OR(DEBTTOTAL!H4<=0, DEBTTOTAL!H4=""), 0, 1) -> 0 | I4: =IF(OR(DEBTTOTAL!I4<=0, DEBTTOTAL!I4=""), 0, 1) -> 0 | ... BJ4: =IF(OR(DEBTTOTAL!BJ4<=0, DEBTTOTAL!BJ4=""), 0, 1) -> 0
A5: =DEBTTOTAL!A5 -> Angola | B5: =IF(OR(DEBTTOTAL!B5<=0, DEBTTOTAL!B5=""), 0, 1) -> 0 | C5: =IF(OR(DEBTTOTAL!C5<=0, DEBTTOTAL!C5=""), 0, 1) -> 0 | D5: =IF(OR(DEBTTOTAL!D5<=0, DEBTTOTAL!D5=""), 0, 1) -> 0 | E5: =IF(OR(DEBTTOTAL!E5<=0, DEBTTOTAL!E5=""), 0, 1) -> 0 | F5: =IF(OR(DEBTTOTAL!F5<=0, DEBTTOTAL!F5=""), 0, 1) -> 0 | G5: =IF(OR(DEBTTOTAL!G5<=0, DEBTTOTAL!G5=""), 0, 1) -> 0 | H5: =IF(OR(DEBTTOTAL!H5<=0, DEBTTOTAL!H5=""), 0, 1) -> 0 | I5: =IF(OR(DEBTTOTAL!I5<=0, DEBTTOTAL!I5=""), 0, 1) -> 0 | ... BJ5: =IF(OR(DEBTTOTAL!BJ5<=0, DEBTTOTAL!BJ5=""), 0, 1) -> 1
A6: =DEBTTOTAL!A6 -> Antigua and Barbuda | B6: =IF(OR(DEBTTOTAL!B6<=0, DEBTTOTAL!B6=""), 0, 1) -> 0 | C6: =IF(OR(DEBTTOTAL!C6<=0, DEBTTOTAL!C6=""), 0, 1) -> 0 | D6: =IF(OR(DEBTTOTAL!D6<=0, DEBTTOTAL!D6=""), 0, 1) -> 0 | E6: =IF(OR(DEBTTOTAL!E6<=0, DEBTTOTAL!E6=""), 0, 1) -> 0 | F6: =IF(OR(DEBTTOTAL!F6<=0, DEBTTOTAL!F6=""), 0, 1) -> 0 | G6: =IF(OR(DEBTTOTAL!G6<=0, DEBTTOTAL!G6=""), 0, 1) -> 0 | H6: =IF(OR(DEBTTOTAL!H6<=0, DEBTTOTAL!H6=""), 0, 1) -> 0 | I6: =IF(OR(DEBTTOTAL!I6<=0, DEBTTOTAL!I6=""), 0, 1) -> 0 | ... BJ6: =IF(OR(DEBTTOTAL!BJ6<=0, DEBTTOTAL!BJ6=""), 0, 1) -> 1
A7: =DEBTTOTAL!A7 -> Argentina | B7: =IF(OR(DEBTTOTAL!B7<=0, DEBTTOTAL!B7=""), 0, 1) -> 1 | C7: =IF(OR(DEBTTOTAL!C7<=0, DEBTTOTAL!C7=""), 0, 1) -> 1 | D7: =IF(OR(DEBTTOTAL!D7<=0, DEBTTOTAL!D7=""), 0, 1) -> 1 | E7: =IF(OR(DEBTTOTAL!E7<=0, DEBTTOTAL!E7=""), 0, 1) -> 1 | F7: =IF(OR(DEBTTOTAL!F7<=0, DEBTTOTAL!F7=""), 0, 1) -> 0 | G7: =IF(OR(DEBTTOTAL!G7<=0, DEBTTOTAL!G7=""), 0, 1) -> 1 | H7: =IF(OR(DEBTTOTAL!H7<=0, DEBTTOTAL!H7=""), 0, 1) -> 0 | I7: =IF(OR(DEBTTOTAL!I7<=0, DEBTTOTAL!I7=""), 0, 1) -> 0 | ... BJ7: =IF(OR(DEBTTOTAL!BJ7<=0, DEBTTOTAL!BJ7=""), 0, 1) -> 1
A8: =DEBTTOTAL!A8 -> Armenia | B8: =IF(OR(DEBTTOTAL!B8<=0, DEBTTOTAL!B8=""), 0, 1) -> 0 | C8: =IF(OR(DEBTTOTAL!C8<=0, DEBTTOTAL!C8=""), 0, 1) -> 0 | D8: =IF(OR(DEBTTOTAL!D8<=0, DEBTTOTAL!D8=""), 0, 1) -> 0 | E8: =IF(OR(DEBTTOTAL!E8<=0, DEBTTOTAL!E8=""), 0, 1) -> 0 | F8: =IF(OR(DEBTTOTAL!F8<=0, DEBTTOTAL!F8=""), 0, 1) -> 0 | G8: =IF(OR(DEBTTOTAL!G8<=0, DEBTTOTAL!G8=""), 0, 1) -> 0 | H8: =IF(OR(DEBTTOTAL!H8<=0, DEBTTOTAL!H8=""), 0, 1) -> 0 | I8: =IF(OR(DEBTTOTAL!I8<=0, DEBTTOTAL!I8=""), 0, 1) -> 0 | ... BJ8: =IF(OR(DEBTTOTAL!BJ8<=0, DEBTTOTAL!BJ8=""), 0, 1) -> 0
A9: =DEBTTOTAL!A9 -> Azerbaijan | B9: =IF(OR(DEBTTOTAL!B9<=0, DEBTTOTAL!B9=""), 0, 1) -> 0 | C9: =IF(OR(DEBTTOTAL!C9<=0, DEBTTOTAL!C9=""), 0, 1) -> 0 | D9: =IF(OR(DEBTTOTAL!D9<=0, DEBTTOTAL!D9=""), 0, 1) -> 0 | E9: =IF(OR(DEBTTOTAL!E9<=0, DEBTTOTAL!E9=""), 0, 1) -> 0 | F9: =IF(OR(DEBTTOTAL!F9<=0, DEBTTOTAL!F9=""), 0, 1) -> 0 | G9: =IF(OR(DEBTTOTAL!G9<=0, DEBTTOTAL!G9=""), 0, 1) -> 0 | H9: =IF(OR(DEBTTOTAL!H9<=0, DEBTTOTAL!H9=""), 0, 1) -> 0 | I9: =IF(OR(DEBTTOTAL!I9<=0, DEBTTOTAL!I9=""), 0, 1) -> 0 | ... BJ9: =IF(OR(DEBTTOTAL!BJ9<=0, DEBTTOTAL!BJ9=""), 0, 1) -> 0
A10: =DEBTTOTAL!A10 -> Bahamas | B10: =IF(OR(DEBTTOTAL!B10<=0, DEBTTOTAL!B10=""), 0, 1) -> 0 | C10: =IF(OR(DEBTTOTAL!C10<=0, DEBTTOTAL!C10=""), 0, 1) -> 0 | D10: =IF(OR(DEBTTOTAL!D10<=0, DEBTTOTAL!D10=""), 0, 1) -> 0 | E10: =IF(OR(DEBTTOTAL!E10<=0, DEBTTOTAL!E10=""), 0, 1) -> 0 | F10: =IF(OR(DEBTTOTAL!F10<=0, DEBTTOTAL!F10=""), 0, 1) -> 0 | G10: =IF(OR(DEBTTOTAL!G10<=0, DEBTTOTAL!G10=""), 0, 1) -> 0 | H10: =IF(OR(DEBTTOTAL!H10<=0, DEBTTOTAL!H10=""), 0, 1) -> 0 | I10: =IF(OR(DEBTTOTAL!I10<=0, DEBTTOTAL!I10=""), 0, 1) -> 0 | ... BJ10: =IF(OR(DEBTTOTAL!BJ10<=0, DEBTTOTAL!BJ10=""), 0, 1) -> 0
A11: =DEBTTOTAL!A11 -> Bangladesh | B11: =IF(OR(DEBTTOTAL!B11<=0, DEBTTOTAL!B11=""), 0, 1) -> 0 | C11: =IF(OR(DEBTTOTAL!C11<=0, DEBTTOTAL!C11=""), 0, 1) -> 1 | D11: =IF(OR(DEBTTOTAL!D11<=0, DEBTTOTAL!D11=""), 0, 1) -> 0 | E11: =IF(OR(DEBTTOTAL!E11<=0, DEBTTOTAL!E11=""), 0, 1) -> 1 | F11: =IF(OR(DEBTTOTAL!F11<=0, DEBTTOTAL!F11=""), 0, 1) -> 0 | G11: =IF(OR(DEBTTOTAL!G11<=0, DEBTTOTAL!G11=""), 0, 1) -> 1 | H11: =IF(OR(DEBTTOTAL!H11<=0, DEBTTOTAL!H11=""), 0, 1) -> 0 | I11: =IF(OR(DEBTTOTAL!I11<=0, DEBTTOTAL!I11=""), 0, 1) -> 1 | ... BJ11: =IF(OR(DEBTTOTAL!BJ11<=0, DEBTTOTAL!BJ11=""), 0, 1) -> 0
A12: =DEBTTOTAL!A12 -> Barbados | B12: =IF(OR(DEBTTOTAL!B12<=0, DEBTTOTAL!B12=""), 0, 1) -> 0 | C12: =IF(OR(DEBTTOTAL!C12<=0, DEBTTOTAL!C12=""), 0, 1) -> 0 | D12: =IF(OR(DEBTTOTAL!D12<=0, DEBTTOTAL!D12=""), 0, 1) -> 0 | E12: =IF(OR(DEBTTOTAL!E12<=0, DEBTTOTAL!E12=""), 0, 1) -> 0 | F12: =IF(OR(DEBTTOTAL!F12<=0, DEBTTOTAL!F12=""), 0, 1) -> 0 | G12: =IF(OR(DEBTTOTAL!G12<=0, DEBTTOTAL!G12=""), 0, 1) -> 0 | H12: =IF(OR(DEBTTOTAL!H12<=0, DEBTTOTAL!H12=""), 0, 1) -> 0 | I12: =IF(OR(DEBTTOTAL!I12<=0, DEBTTOTAL!I12=""), 0, 1) -> 0 | ... BJ12: =IF(OR(DEBTTOTAL!BJ12<=0, DEBTTOTAL!BJ12=""), 0, 1) -> 1
A13: =DEBTTOTAL!A13 -> Belarus | B13: =IF(OR(DEBTTOTAL!B13<=0, DEBTTOTAL!B13=""), 0, 1) -> 0 | C13: =IF(OR(DEBTTOTAL!C13<=0, DEBTTOTAL!C13=""), 0, 1) -> 0 | D13: =IF(OR(DEBTTOTAL!D13<=0, DEBTTOTAL!D13=""), 0, 1) -> 0 | E13: =IF(OR(DEBTTOTAL!E13<=0, DEBTTOTAL!E13=""), 0, 1) -> 0 | F13: =IF(OR(DEBTTOTAL!F13<=0, DEBTTOTAL!F13=""), 0, 1) -> 0 | G13: =IF(OR(DEBTTOTAL!G13<=0, DEBTTOTAL!G13=""), 0, 1) -> 0 | H13: =IF(OR(DEBTTOTAL!H13<=0, DEBTTOTAL!H13=""), 0, 1) -> 0 | I13: =IF(OR(DEBTTOTAL!I13<=0, DEBTTOTAL!I13=""), 0, 1) -> 0 | ... BJ13: =IF(OR(DEBTTOTAL!BJ13<=0, DEBTTOTAL!BJ13=""), 0, 1) -> 1
... A73: =DEBTTOTAL!A73 -> Kenya | B73: =IF(OR(DEBTTOTAL!B73<=0, DEBTTOTAL!B73=""), 0, 1) -> 0 | C73: =IF(OR(DEBTTOTAL!C73<=0, DEBTTOTAL!C73=""), 0, 1) -> 1 | D73: =IF(OR(DEBTTOTAL!D73<=0, DEBTTOTAL!D73=""), 0, 1) -> 1 | E73: =IF(OR(DEBTTOTAL!E73<=0, DEBTTOTAL!E73=""), 0, 1) -> 0 | F73: =IF(OR(DEBTTOTAL!F73<=0, DEBTTOTAL!F73=""), 0, 1) -> 0 | G73: =IF(OR(DEBTTOTAL!G73<=0, DEBTTOTAL!G73=""), 0, 1) -> 0 | H73: =IF(OR(DEBTTOTAL!H73<=0, DEBTTOTAL!H73=""), 0, 1) -> 0 | I73: =IF(OR(DEBTTOTAL!I73<=0, DEBTTOTAL!I73=""), 0, 1) -> 0 | ... BJ73: =IF(OR(DEBTTOTAL!BJ73<=0, DEBTTOTAL!BJ73=""), 0, 1) -> 1
A74: Korea, Dem. People's Rep. | B74: =IF(OR(DEBTTOTAL!B74<=0, DEBTTOTAL!B74=""), 0, 1) -> 0 | C74: =IF(OR(DEBTTOTAL!C74<=0, DEBTTOTAL!C74=""), 0, 1) -> 0 | D74: =IF(OR(DEBTTOTAL!D74<=0, DEBTTOTAL!D74=""), 0, 1) -> 0 | E74: =IF(OR(DEBTTOTAL!E74<=0, DEBTTOTAL!E74=""), 0, 1) -> 0 | F74: =IF(OR(DEBTTOTAL!F74<=0, DEBTTOTAL!F74=""), 0, 1) -> 0 | G74: =IF(OR(DEBTTOTAL!G74<=0, DEBTTOTAL!G74=""), 0, 1) -> 0 | H74: =IF(OR(DEBTTOTAL!H74<=0, DEBTTOTAL!H74=""), 0, 1) -> 0 | I74: =IF(OR(DEBTTOTAL!I74<=0, DEBTTOTAL!I74=""), 0, 1) -> 0 | ... P74: =IF(OR(DEBTTOTAL!P74<=0, DEBTTOTAL!P74=""), 0, 1) -> 0 | Q74: 0 | R74: 0 | S74: 0 | T74: 0 | U74: 0 | V74: 0 | W74: 0 | X74: 0 | Y74: 0 | Z74: =IF(OR(DEBTTOTAL!Z74<=0, DEBTTOTAL!Z74=""), 0, 1) -> 1 | AA74: =IF(OR(DEBTTOTAL!AA74<=0, DEBTTOTAL!AA74=""), 0, 1) -> 1 | AB74: =IF(OR(DEBTTOTAL!AB74<=0, DEBTTOTAL!AB74=""), 0, 1) -> 1 | AC74: =IF(OR(DEBTTOTAL!AC74<=0, DEBTTOTAL!AC74=""), 0, 1) -> 1 | AD74: =IF(OR(DEBTTOTAL!AD74<=0, DEBTTOTAL!AD74=""), 0, 1) -> 1 | AE74: =IF(OR(DEBTTOTAL!AE74<=0, DEBTTOTAL!AE74=""), 0, 1) -> 1 | AF74: =IF(OR(DEBTTOTAL!AF74<=0, DEBTTOTAL!AF74=""), 0, 1) -> 1 | AG74: =IF(OR(DEBTTOTAL!AG74<=0, DEBTTOTAL!AG74=""), 0, 1) -> 1 | ... BJ74: =IF(OR(DEBTTOTAL!BJ74<=0, DEBTTOTAL!BJ74=""), 0, 1) -> 1
A75: =DEBTTOTAL!A75 -> Kyrgyz Republic | B75: =IF(OR(DEBTTOTAL!B75<=0, DEBTTOTAL!B75=""), 0, 1) -> 1 | C75: =IF(OR(DEBTTOTAL!C75<=0, DEBTTOTAL!C75=""), 0, 1) -> 1 | D75: =IF(OR(DEBTTOTAL!D75<=0, DEBTTOTAL!D75=""), 0, 1) -> 1 | E75: =IF(OR(DEBTTOTAL!E75<=0, DEBTTOTAL!E75=""), 0, 1) -> 1 | F75: =IF(OR(DEBTTOTAL!F75<=0, DEBTTOTAL!F75=""), 0, 1) -> 1 | G75: =IF(OR(DEBTTOTAL!G75<=0, DEBTTOTAL!G75=""), 0, 1) -> 1 | H75: =IF(OR(DEBTTOTAL!H75<=0, DEBTTOTAL!H75=""), 0, 1) -> 1 | I75: =IF(OR(DEBTTOTAL!I75<=0, DEBTTOTAL!I75=""), 0, 1) -> 1 | ... BJ75: =IF(OR(DEBTTOTAL!BJ75<=0, DEBTTOTAL!BJ75=""), 0, 1) -> 0
A76: =DEBTTOTAL!A76 -> Laos | B76: =IF(OR(DEBTTOTAL!B76<=0, DEBTTOTAL!B76=""), 0, 1) -> 0 | C76: =IF(OR(DEBTTOTAL!C76<=0, DEBTTOTAL!C76=""), 0, 1) -> 0 | D76: =IF(OR(DEBTTOTAL!D76<=0, DEBTTOTAL!D76=""), 0, 1) -> 0 | E76: =IF(OR(DEBTTOTAL!E76<=0, DEBTTOTAL!E76=""), 0, 1) -> 0 | F76: =IF(OR(DEBTTOTAL!F76<=0, DEBTTOTAL!F76=""), 0, 1) -> 0 | G76: =IF(OR(DEBTTOTAL!G76<=0, DEBTTOTAL!G76=""), 0, 1) -> 0 | H76: =IF(OR(DEBTTOTAL!H76<=0, DEBTTOTAL!H76=""), 0, 1) -> 0 | I76: =IF(OR(DEBTTOTAL!I76<=0, DEBTTOTAL!I76=""), 0, 1) -> 0 | ... BJ76: =IF(OR(DEBTTOTAL!BJ76<=0, DEBTTOTAL!BJ76=""), 0, 1) -> 0
A77: =DEBTTOTAL!A77 -> Lebanon | B77: =IF(OR(DEBTTOTAL!B77<=0, DEBTTOTAL!B77=""), 0, 1) -> 0 | C77: =IF(OR(DEBTTOTAL!C77<=0, DEBTTOTAL!C77=""), 0, 1) -> 0 | D77: =IF(OR(DEBTTOTAL!D77<=0, DEBTTOTAL!D77=""), 0, 1) -> 0 | E77: =IF(OR(DEBTTOTAL!E77<=0, DEBTTOTAL!E77=""), 0, 1) -> 0 | F77: =IF(OR(DEBTTOTAL!F77<=0, DEBTTOTAL!F77=""), 0, 1) -> 0 | G77: =IF(OR(DEBTTOTAL!G77<=0, DEBTTOTAL!G77=""), 0, 1) -> 0 | H77: =IF(OR(DEBTTOTAL!H77<=0, DEBTTOTAL!H77=""), 0, 1) -> 0 | I77: =IF(OR(DEBTTOTAL!I77<=0, DEBTTOTAL!I77=""), 0, 1) -> 0 | ... BJ77: =IF(OR(DEBTTOTAL!BJ77<=0, DEBTTOTAL!BJ77=""), 0, 1) -> 1
A78: =DEBTTOTAL!A78 -> Lesotho | B78: =IF(OR(DEBTTOTAL!B78<=0, DEBTTOTAL!B78=""), 0, 1) -> 1 | C78: =IF(OR(DEBTTOTAL!C78<=0, DEBTTOTAL!C78=""), 0, 1) -> 1 | D78: =IF(OR(DEBTTOTAL!D78<=0, DEBTTOTAL!D78=""), 0, 1) -> 1 | E78: =IF(OR(DEBTTOTAL!E78<=0, DEBTTOTAL!E78=""), 0, 1) -> 1 | F78: =IF(OR(DEBTTOTAL!F78<=0, DEBTTOTAL!F78=""), 0, 1) -> 1 | G78: =IF(OR(DEBTTOTAL!G78<=0, DEBTTOTAL!G78=""), 0, 1) -> 1 | H78: =IF(OR(DEBTTOTAL!H78<=0, DEBTTOTAL!H78=""), 0, 1) -> 0 | I78: =IF(OR(DEBTTOTAL!I78<=0, DEBTTOTAL!I78=""), 0, 1) -> 0 | ... BJ78: =IF(OR(DEBTTOTAL!BJ78<=0, DEBTTOTAL!BJ78=""), 0, 1) -> 0
A79: =DEBTTOTAL!A79 -> Liberia | B79: =IF(OR(DEBTTOTAL!B79<=0, DEBTTOTAL!B79=""), 0, 1) -> 0 | C79: =IF(OR(DEBTTOTAL!C79<=0, DEBTTOTAL!C79=""), 0, 1) -> 0 | D79: =IF(OR(DEBTTOTAL!D79<=0, DEBTTOTAL!D79=""), 0, 1) -> 0 | E79: =IF(OR(DEBTTOTAL!E79<=0, DEBTTOTAL!E79=""), 0, 1) -> 1 | F79: =IF(OR(DEBTTOTAL!F79<=0, DEBTTOTAL!F79=""), 0, 1) -> 0 | G79: =IF(OR(DEBTTOTAL!G79<=0, DEBTTOTAL!G79=""), 0, 1) -> 0 | H79: =IF(OR(DEBTTOTAL!H79<=0, DEBTTOTAL!H79=""), 0, 1) -> 0 | I79: =IF(OR(DEBTTOTAL!I79<=0, DEBTTOTAL!I79=""), 0, 1) -> 0 | ... BJ79: =IF(OR(DEBTTOTAL!BJ79<=0, DEBTTOTAL!BJ79=""), 0, 1) -> 1
A80: =DEBTTOTAL!A80 -> Libya | B80: =IF(OR(DEBTTOTAL!B80<=0, DEBTTOTAL!B80=""), 0, 1) -> 0 | C80: =IF(OR(DEBTTOTAL!C80<=0, DEBTTOTAL!C80=""), 0, 1) -> 0 | D80: =IF(OR(DEBTTOTAL!D80<=0, DEBTTOTAL!D80=""), 0, 1) -> 0 | E80: =IF(OR(DEBTTOTAL!E80<=0, DEBTTOTAL!E80=""), 0, 1) -> 0 | F80: =IF(OR(DEBTTOTAL!F80<=0, DEBTTOTAL!F80=""), 0, 1) -> 0 | G80: =IF(OR(DEBTTOTAL!G80<=0, DEBTTOTAL!G80=""), 0, 1) -> 0 | H80: =IF(OR(DEBTTOTAL!H80<=0, DEBTTOTAL!H80=""), 0, 1) -> 0 | I80: =IF(OR(DEBTTOTAL!I80<=0, DEBTTOTAL!I80=""), 0, 1) -> 0 | ... BJ80: =IF(OR(DEBTTOTAL!BJ80<=0, DEBTTOTAL!BJ80=""), 0, 1) -> 1
A81: =DEBTTOTAL!A81 -> North Macedonia | B81: =IF(OR(DEBTTOTAL!B81<=0, DEBTTOTAL!B81=""), 0, 1) -> 0 | C81: =IF(OR(DEBTTOTAL!C81<=0, DEBTTOTAL!C81=""), 0, 1) -> 0 | D81: =IF(OR(DEBTTOTAL!D81<=0, DEBTTOTAL!D81=""), 0, 1) -> 0 | E81: =IF(OR(DEBTTOTAL!E81<=0, DEBTTOTAL!E81=""), 0, 1) -> 0 | F81: =IF(OR(DEBTTOTAL!F81<=0, DEBTTOTAL!F81=""), 0, 1) -> 0 | G81: =IF(OR(DEBTTOTAL!G81<=0, DEBTTOTAL!G81=""), 0, 1) -> 0 | H81: =IF(OR(DEBTTOTAL!H81<=0, DEBTTOTAL!H81=""), 0, 1) -> 0 | I81: =IF(OR(DEBTTOTAL!I81<=0, DEBTTOTAL!I81=""), 0, 1) -> 0 | ... BJ81: =IF(OR(DEBTTOTAL!BJ81<=0, DEBTTOTAL!BJ81=""), 0, 1) -> 0
A82: =DEBTTOTAL!A82 -> Madagascar | B82: =IF(OR(DEBTTOTAL!B82<=0, DEBTTOTAL!B82=""), 0, 1) -> 0 | C82: =IF(OR(DEBTTOTAL!C82<=0, DEBTTOTAL!C82=""), 0, 1) -> 0 | D82: =IF(OR(DEBTTOTAL!D82<=0, DEBTTOTAL!D82=""), 0, 1) -> 0 | E82: =IF(OR(DEBTTOTAL!E82<=0, DEBTTOTAL!E82=""), 0, 1) -> 0 | F82: =IF(OR(DEBTTOTAL!F82<=0, DEBTTOTAL!F82=""), 0, 1) -> 0 | G82: =IF(OR(DEBTTOTAL!G82<=0, DEBTTOTAL!G82=""), 0, 1) -> 0 | H82: =IF(OR(DEBTTOTAL!H82<=0, DEBTTOTAL!H82=""), 0, 1) -> 0 | I82: =IF(OR(DEBTTOTAL!I82<=0, DEBTTOTAL!I82=""), 0, 1) -> 0 | ... BJ82: =IF(OR(DEBTTOTAL!BJ82<=0, DEBTTOTAL!BJ82=""), 0, 1) -> 1
A83: =DEBTTOTAL!A83 -> Malawi | B83: =IF(OR(DEBTTOTAL!B83<=0, DEBTTOTAL!B83=""), 0, 1) -> 0 | C83: =IF(OR(DEBTTOTAL!C83<=0, DEBTTOTAL!C83=""), 0, 1) -> 0 | D83: =IF(OR(DEBTTOTAL!D83<=0, DEBTTOTAL!D83=""), 0, 1) -> 0 | E83: =IF(OR(DEBTTOTAL!E83<=0, DEBTTOTAL!E83=""), 0, 1) -> 0 | F83: =IF(OR(DEBTTOTAL!F83<=0, DEBTTOTAL!F83=""), 0, 1) -> 0 | G83: =IF(OR(DEBTTOTAL!G83<=0, DEBTTOTAL!G83=""), 0, 1) -> 0 | H83: =IF(OR(DEBTTOTAL!H83<=0, DEBTTOTAL!H83=""), 0, 1) -> 0 | I83: =IF(OR(DEBTTOTAL!I83<=0, DEBTTOTAL!I83=""), 0, 1) -> 0 | ... BJ83: =IF(OR(DEBTTOTAL!BJ83<=0, DEBTTOTAL!BJ83=""), 0, 1) -> 1
A84: =DEBTTOTAL!A84 -> Maldives | B84: =IF(OR(DEBTTOTAL!B84<=0, DEBTTOTAL!B84=""), 0, 1) -> 0 | C84: =IF(OR(DEBTTOTAL!C84<=0, DEBTTOTAL!C84=""), 0, 1) -> 0 | D84: =IF(OR(DEBTTOTAL!D84<=0, DEBTTOTAL!D84=""), 0, 1) -> 0 | E84: =IF(OR(DEBTTOTAL!E84<=0, DEBTTOTAL!E84=""), 0, 1) -> 0 | F84: =IF(OR(DEBTTOTAL!F84<=0, DEBTTOTAL!F84=""), 0, 1) -> 0 | G84: =IF(OR(DEBTTOTAL!G84<=0, DEBTTOTAL!G84=""), 0, 1) -> 0 | H84: =IF(OR(DEBTTOTAL!H84<=0, DEBTTOTAL!H84=""), 0, 1) -> 0 | I84: =IF(OR(DEBTTOTAL!I84<=0, DEBTTOTAL!I84=""), 0, 1) -> 0 | ... BJ84: =IF(OR(DEBTTOTAL!BJ84<=0, DEBTTOTAL!BJ84=""), 0, 1) -> 1
A85: =DEBTTOTAL!A85 -> Mali | B85: =IF(OR(DEBTTOTAL!B85<=0, DEBTTOTAL!B85=""), 0, 1) -> 0 | C85: =IF(OR(DEBTTOTAL!C85<=0, DEBTTOTAL!C85=""), 0, 1) -> 0 | D85: =IF(OR(DEBTTOTAL!D85<=0, DEBTTOTAL!D85=""), 0, 1) -> 0 | E85: =IF(OR(DEBTTOTAL!E85<=0, DEBTTOTAL!E85=""), 0, 1) -> 0 | F85: =IF(OR(DEBTTOTAL!F85<=0, DEBTTOTAL!F85=""), 0, 1) -> 1 | G85: =IF(OR(DEBTTOTAL!G85<=0, DEBTTOTAL!G85=""), 0, 1) -> 0 | H85: =IF(OR(DEBTTOTAL!H85<=0, DEBTTOTAL!H85=""), 0, 1) -> 0 | I85: =IF(OR(DEBTTOTAL!I85<=0, DEBTTOTAL!I85=""), 0, 1) -> 0 | ... BJ85: =IF(OR(DEBTTOTAL!BJ85<=0, DEBTTOTAL!BJ85=""), 0, 1) -> 1
A86: =DEBTTOTAL!A86 -> Mauritania | B86: =IF(OR(DEBTTOTAL!B86<=0, DEBTTOTAL!B86=""), 0, 1) -> 0 | C86: =IF(OR(DEBTTOTAL!C86<=0, DEBTTOTAL!C86=""), 0, 1) -> 0 | D86: =IF(OR(DEBTTOTAL!D86<=0, DEBTTOTAL!D86=""), 0, 1) -> 0 | E86: =IF(OR(DEBTTOTAL!E86<=0, DEBTTOTAL!E86=""), 0, 1) -> 0 | F86: =IF(OR(DEBTTOTAL!F86<=0, DEBTTOTAL!F86=""), 0, 1) -> 0 | G86: =IF(OR(DEBTTOTAL!G86<=0, DEBTTOTAL!G86=""), 0, 1) -> 0 | H86: =IF(OR(DEBTTOTAL!H86<=0, DEBTTOTAL!H86=""), 0, 1) -> 0 | I86: =IF(OR(DEBTTOTAL!I86<=0, DEBTTOTAL!I86=""), 0, 1) -> 0 | ... BJ86: =IF(OR(DEBTTOTAL!BJ86<=0, DEBTTOTAL!BJ86=""), 0, 1) -> 1
... A116: =DEBTTOTAL!A116 -> Samoa | B116: =IF(OR(DEBTTOTAL!B116<=0, DEBTTOTAL!B116=""), 0, 1) -> 1 | C116: =IF(OR(DEBTTOTAL!C116<=0, DEBTTOTAL!C116=""), 0, 1) -> 1 | D116: =IF(OR(DEBTTOTAL!D116<=0, DEBTTOTAL!D116=""), 0, 1) -> 0 | E116: =IF(OR(DEBTTOTAL!E116<=0, DEBTTOTAL!E116=""), 0, 1) -> 0 | F116: =IF(OR(DEBTTOTAL!F116<=0, DEBTTOTAL!F116=""), 0, 1) -> 0 | G116: =IF(OR(DEBTTOTAL!G116<=0, DEBTTOTAL!G116=""), 0, 1) -> 0 | H116: =IF(OR(DEBTTOTAL!H116<=0, DEBTTOTAL!H116=""), 0, 1) -> 0 | I116: =IF(OR(DEBTTOTAL!I116<=0, DEBTTOTAL!I116=""), 0, 1) -> 0 | ... BJ116: =IF(OR(DEBTTOTAL!BJ116<=0, DEBTTOTAL!BJ116=""), 0, 1) -> 1
A117: Sao Tome and Principe | B117: =IF(OR(DEBTTOTAL!B117<=0, DEBTTOTAL!B117=""), 0, 1) -> 1 | C117: =IF(OR(DEBTTOTAL!C117<=0, DEBTTOTAL!C117=""), 0, 1) -> 1 | D117: =IF(OR(DEBTTOTAL!D117<=0, DEBTTOTAL!D117=""), 0, 1) -> 1 | E117: =IF(OR(DEBTTOTAL!E117<=0, DEBTTOTAL!E117=""), 0, 1) -> 1 | F117: =IF(OR(DEBTTOTAL!F117<=0, DEBTTOTAL!F117=""), 0, 1) -> 1 | G117: =IF(OR(DEBTTOTAL!G117<=0, DEBTTOTAL!G117=""), 0, 1) -> 1 | H117: =IF(OR(DEBTTOTAL!H117<=0, DEBTTOTAL!H117=""), 0, 1) -> 1 | I117: =IF(OR(DEBTTOTAL!I117<=0, DEBTTOTAL!I117=""), 0, 1) -> 1 | ... BJ117: =IF(OR(DEBTTOTAL!BJ117<=0, DEBTTOTAL!BJ117=""), 0, 1) -> 1
A118: =DEBTTOTAL!A118 -> Senegal | B118: =IF(OR(DEBTTOTAL!B118<=0, DEBTTOTAL!B118=""), 0, 1) -> 0 | C118: =IF(OR(DEBTTOTAL!C118<=0, DEBTTOTAL!C118=""), 0, 1) -> 0 | D118: =IF(OR(DEBTTOTAL!D118<=0, DEBTTOTAL!D118=""), 0, 1) -> 0 | E118: =IF(OR(DEBTTOTAL!E118<=0, DEBTTOTAL!E118=""), 0, 1) -> 0 | F118: =IF(OR(DEBTTOTAL!F118<=0, DEBTTOTAL!F118=""), 0, 1) -> 0 | G118: =IF(OR(DEBTTOTAL!G118<=0, DEBTTOTAL!G118=""), 0, 1) -> 0 | H118: =IF(OR(DEBTTOTAL!H118<=0, DEBTTOTAL!H118=""), 0, 1) -> 0 | I118: =IF(OR(DEBTTOTAL!I118<=0, DEBTTOTAL!I118=""), 0, 1) -> 0 | ... BJ118: =IF(OR(DEBTTOTAL!BJ118<=0, DEBTTOTAL!BJ118=""), 0, 1) -> 0
A119: =DEBTTOTAL!A119 -> Serbia | B119: =IF(OR(DEBTTOTAL!B119<=0, DEBTTOTAL!B119=""), 0, 1) -> 1 | C119: =IF(OR(DEBTTOTAL!C119<=0, DEBTTOTAL!C119=""), 0, 1) -> 1 | D119: =IF(OR(DEBTTOTAL!D119<=0, DEBTTOTAL!D119=""), 0, 1) -> 1 | E119: =IF(OR(DEBTTOTAL!E119<=0, DEBTTOTAL!E119=""), 0, 1) -> 1 | F119: =IF(OR(DEBTTOTAL!F119<=0, DEBTTOTAL!F119=""), 0, 1) -> 1 | G119: =IF(OR(DEBTTOTAL!G119<=0, DEBTTOTAL!G119=""), 0, 1) -> 1 | H119: =IF(OR(DEBTTOTAL!H119<=0, DEBTTOTAL!H119=""), 0, 1) -> 1 | I119: =IF(OR(DEBTTOTAL!I119<=0, DEBTTOTAL!I119=""), 0, 1) -> 1 | ... BJ119: =IF(OR(DEBTTOTAL!BJ119<=0, DEBTTOTAL!BJ119=""), 0, 1) -> 1
A120: =DEBTTOTAL!A120 -> Seychelles | B120: =IF(OR(DEBTTOTAL!B120<=0, DEBTTOTAL!B120=""), 0, 1) -> 1 | C120: =IF(OR(DEBTTOTAL!C120<=0, DEBTTOTAL!C120=""), 0, 1) -> 1 | D120: =IF(OR(DEBTTOTAL!D120<=0, DEBTTOTAL!D120=""), 0, 1) -> 1 | E120: =IF(OR(DEBTTOTAL!E120<=0, DEBTTOTAL!E120=""), 0, 1) -> 1 | F120: =IF(OR(DEBTTOTAL!F120<=0, DEBTTOTAL!F120=""), 0, 1) -> 1 | G120: =IF(OR(DEBTTOTAL!G120<=0, DEBTTOTAL!G120=""), 0, 1) -> 1 | H120: =IF(OR(DEBTTOTAL!H120<=0, DEBTTOTAL!H120=""), 0, 1) -> 1 | I120: =IF(OR(DEBTTOTAL!I120<=0, DEBTTOTAL!I120=""), 0, 1) -> 1 | ... BJ120: =IF(OR(DEBTTOTAL!BJ120<=0, DEBTTOTAL!BJ120=""), 0, 1) -> 0
A121: =DEBTTOTAL!A121 -> Sierra Leone | B121: =IF(OR(DEBTTOTAL!B121<=0, DEBTTOTAL!B121=""), 0, 1) -> 1 | C121: =IF(OR(DEBTTOTAL!C121<=0, DEBTTOTAL!C121=""), 0, 1) -> 0 | D121: =IF(OR(DEBTTOTAL!D121<=0, DEBTTOTAL!D121=""), 0, 1) -> 0 | E121: =IF(OR(DEBTTOTAL!E121<=0, DEBTTOTAL!E121=""), 0, 1) -> 0 | F121: =IF(OR(DEBTTOTAL!F121<=0, DEBTTOTAL!F121=""), 0, 1) -> 0 | G121: =IF(OR(DEBTTOTAL!G121<=0, DEBTTOTAL!G121=""), 0, 1) -> 0 | H121: =IF(OR(DEBTTOTAL!H121<=0, DEBTTOTAL!H121=""), 0, 1) -> 0 | I121: =IF(OR(DEBTTOTAL!I121<=0, DEBTTOTAL!I121=""), 0, 1) -> 0 | ... BJ121: =IF(OR(DEBTTOTAL!BJ121<=0, DEBTTOTAL!BJ121=""), 0, 1) -> 1
A122: =DEBTTOTAL!A122 -> Sint Maarten | B122: =IF(OR(DEBTTOTAL!B122<=0, DEBTTOTAL!B122=""), 0, 1) -> 1 | C122: =IF(OR(DEBTTOTAL!C122<=0, DEBTTOTAL!C122=""), 0, 1) -> 1 | D122: =IF(OR(DEBTTOTAL!D122<=0, DEBTTOTAL!D122=""), 0, 1) -> 1 | E122: =IF(OR(DEBTTOTAL!E122<=0, DEBTTOTAL!E122=""), 0, 1) -> 1 | F122: =IF(OR(DEBTTOTAL!F122<=0, DEBTTOTAL!F122=""), 0, 1) -> 1 | G122: =IF(OR(DEBTTOTAL!G122<=0, DEBTTOTAL!G122=""), 0, 1) -> 1 | H122: =IF(OR(DEBTTOTAL!H122<=0, DEBTTOTAL!H122=""), 0, 1) -> 1 | I122: =IF(OR(DEBTTOTAL!I122<=0, DEBTTOTAL!I122=""), 0, 1) -> 1 | ... BJ122: =IF(OR(DEBTTOTAL!BJ122<=0, DEBTTOTAL!BJ122=""), 0, 1) -> 1
A123: =DEBTTOTAL!A123 -> Slovenia | B123: =IF(OR(DEBTTOTAL!B123<=0, DEBTTOTAL!B123=""), 0, 1) -> 1 | C123: =IF(OR(DEBTTOTAL!C123<=0, DEBTTOTAL!C123=""), 0, 1) -> 1 | D123: =IF(OR(DEBTTOTAL!D123<=0, DEBTTOTAL!D123=""), 0, 1) -> 1 | E123: =IF(OR(DEBTTOTAL!E123<=0, DEBTTOTAL!E123=""), 0, 1) -> 1 | F123: =IF(OR(DEBTTOTAL!F123<=0, DEBTTOTAL!F123=""), 0, 1) -> 1 | G123: =IF(OR(DEBTTOTAL!G123<=0, DEBTTOTAL!G123=""), 0, 1) -> 1 | H123: =IF(OR(DEBTTOTAL!H123<=0, DEBTTOTAL!H123=""), 0, 1) -> 1 | I123: =IF(OR(DEBTTOTAL!I123<=0, DEBTTOTAL!I123=""), 0, 1) -> 1 | ... BJ123: =IF(OR(DEBTTOTAL!BJ123<=0, DEBTTOTAL!BJ123=""), 0, 1) -> 0
A124: =DEBTTOTAL!A124 -> Solomon Islands | B124: =IF(OR(DEBTTOTAL!B124<=0, DEBTTOTAL!B124=""), 0, 1) -> 1 | C124: =IF(OR(DEBTTOTAL!C124<=0, DEBTTOTAL!C124=""), 0, 1) -> 1 | D124: =IF(OR(DEBTTOTAL!D124<=0, DEBTTOTAL!D124=""), 0, 1) -> 1 | E124: =IF(OR(DEBTTOTAL!E124<=0, DEBTTOTAL!E124=""), 0, 1) -> 1 | F124: =IF(OR(DEBTTOTAL!F124<=0, DEBTTOTAL!F124=""), 0, 1) -> 1 | G124: =IF(OR(DEBTTOTAL!G124<=0, DEBTTOTAL!G124=""), 0, 1) -> 1 | H124: =IF(OR(DEBTTOTAL!H124<=0, DEBTTOTAL!H124=""), 0, 1) -> 1 | I124: =IF(OR(DEBTTOTAL!I124<=0, DEBTTOTAL!I124=""), 0, 1) -> 1 | ... BJ124: =IF(OR(DEBTTOTAL!BJ124<=0, DEBTTOTAL!BJ124=""), 0, 1) -> 0
A125: =DEBTTOTAL!A125 -> Somalia | B125: =IF(OR(DEBTTOTAL!B125<=0, DEBTTOTAL!B125=""), 0, 1) -> 0 | C125: =IF(OR(DEBTTOTAL!C125<=0, DEBTTOTAL!C125=""), 0, 1) -> 0 | D125: =IF(OR(DEBTTOTAL!D125<=0, DEBTTOTAL!D125=""), 0, 1) -> 0 | E125: =IF(OR(DEBTTOTAL!E125<=0, DEBTTOTAL!E125=""), 0, 1) -> 0 | F125: =IF(OR(DEBTTOTAL!F125<=0, DEBTTOTAL!F125=""), 0, 1) -> 0 | G125: =IF(OR(DEBTTOTAL!G125<=0, DEBTTOTAL!G125=""), 0, 1) -> 0 | H125: =IF(OR(DEBTTOTAL!H125<=0, DEBTTOTAL!H125=""), 0, 1) -> 0 | I125: =IF(OR(DEBTTOTAL!I125<=0, DEBTTOTAL!I125=""), 0, 1) -> 0 | ... BJ125: =IF(OR(DEBTTOTAL!BJ125<=0, DEBTTOTAL!BJ125=""), 0, 1) -> 1
A126: =DEBTTOTAL!A126 -> South Africa | B126: =IF(OR(DEBTTOTAL!B126<=0, DEBTTOTAL!B126=""), 0, 1) -> 0 | C126: =IF(OR(DEBTTOTAL!C126<=0, DEBTTOTAL!C126=""), 0, 1) -> 0 | D126: =IF(OR(DEBTTOTAL!D126<=0, DEBTTOTAL!D126=""), 0, 1) -> 0 | E126: =IF(OR(DEBTTOTAL!E126<=0, DEBTTOTAL!E126=""), 0, 1) -> 0 | F126: =IF(OR(DEBTTOTAL!F126<=0, DEBTTOTAL!F126=""), 0, 1) -> 0 | G126: =IF(OR(DEBTTOTAL!G126<=0, DEBTTOTAL!G126=""), 0, 1) -> 0 | H126: =IF(OR(DEBTTOTAL!H126<=0, DEBTTOTAL!H126=""), 0, 1) -> 0 | I126: =IF(OR(DEBTTOTAL!I126<=0, DEBTTOTAL!I126=""), 0, 1) -> 0 | ... BJ126: =IF(OR(DEBTTOTAL!BJ126<=0, DEBTTOTAL!BJ126=""), 0, 1) -> 0
A127: =DEBTTOTAL!A127 -> South Sudan | B127: =IF(OR(DEBTTOTAL!B127<=0, DEBTTOTAL!B127=""), 0, 1) -> 1 | C127: =IF(OR(DEBTTOTAL!C127<=0, DEBTTOTAL!C127=""), 0, 1) -> 1 | D127: =IF(OR(DEBTTOTAL!D127<=0, DEBTTOTAL!D127=""), 0, 1) -> 1 | E127: =IF(OR(DEBTTOTAL!E127<=0, DEBTTOTAL!E127=""), 0, 1) -> 1 | F127: =IF(OR(DEBTTOTAL!F127<=0, DEBTTOTAL!F127=""), 0, 1) -> 1 | G127: =IF(OR(DEBTTOTAL!G127<=0, DEBTTOTAL!G127=""), 0, 1) -> 1 | H127: =IF(OR(DEBTTOTAL!H127<=0, DEBTTOTAL!H127=""), 0, 1) -> 1 | I127: =IF(OR(DEBTTOTAL!I127<=0, DEBTTOTAL!I127=""), 0, 1) -> 1 | ... BJ127: =IF(OR(DEBTTOTAL!BJ127<=0, DEBTTOTAL!BJ127=""), 0, 1) -> 1
A128: =DEBTTOTAL!A128 -> Sri Lanka | B128: =IF(OR(DEBTTOTAL!B128<=0, DEBTTOTAL!B128=""), 0, 1) -> 0 | C128: =IF(OR(DEBTTOTAL!C128<=0, DEBTTOTAL!C128=""), 0, 1) -> 0 | D128: =IF(OR(DEBTTOTAL!D128<=0, DEBTTOTAL!D128=""), 0, 1) -> 0 | E128: =IF(OR(DEBTTOTAL!E128<=0, DEBTTOTAL!E128=""), 0, 1) -> 0 | F128: =IF(OR(DEBTTOTAL!F128<=0, DEBTTOTAL!F128=""), 0, 1) -> 0 | G128: =IF(OR(DEBTTOTAL!G128<=0, DEBTTOTAL!G128=""), 0, 1) -> 0 | H128: =IF(OR(DEBTTOTAL!H128<=0, DEBTTOTAL!H128=""), 0, 1) -> 0 | I128: =IF(OR(DEBTTOTAL!I128<=0, DEBTTOTAL!I128=""), 0, 1) -> 0 | ... BJ128: =IF(OR(DEBTTOTAL!BJ128<=0, DEBTTOTAL!BJ128=""), 0, 1) -> 1
A129: =DEBTTOTAL!A129 -> Sudan | B129: =IF(OR(DEBTTOTAL!B129<=0, DEBTTOTAL!B129=""), 0, 1) -> 0 | C129: =IF(OR(DEBTTOTAL!C129<=0, DEBTTOTAL!C129=""), 0, 1) -> 0 | D129: =IF(OR(DEBTTOTAL!D129<=0, DEBTTOTAL!D129=""), 0, 1) -> 0 | E129: =IF(OR(DEBTTOTAL!E129<=0, DEBTTOTAL!E129=""), 0, 1) -> 0 | F129: =IF(OR(DEBTTOTAL!F129<=0, DEBTTOTAL!F129=""), 0, 1) -> 0 | G129: =IF(OR(DEBTTOTAL!G129<=0, DEBTTOTAL!G129=""), 0, 1) -> 0 | H129: =IF(OR(DEBTTOTAL!H129<=0, DEBTTOTAL!H129=""), 0, 1) -> 0 | I129: =IF(OR(DEBTTOTAL!I129<=0, DEBTTOTAL!I129=""), 0, 1) -> 0 | ... BJ129: =IF(OR(DEBTTOTAL!BJ129<=0, DEBTTOTAL!BJ129=""), 0, 1) -> 1
A130: =DEBTTOTAL!A130 -> Suriname | B130: =IF(OR(DEBTTOTAL!B130<=0, DEBTTOTAL!B130=""), 0, 1) -> 1 | C130: =IF(OR(DEBTTOTAL!C130<=0, DEBTTOTAL!C130=""), 0, 1) -> 1 | D130: =IF(OR(DEBTTOTAL!D130<=0, DEBTTOTAL!D130=""), 0, 1) -> 1 | E130: =IF(OR(DEBTTOTAL!E130<=0, DEBTTOTAL!E130=""), 0, 1) -> 1 | F130: =IF(OR(DEBTTOTAL!F130<=0, DEBTTOTAL!F130=""), 0, 1) -> 1 | G130: =IF(OR(DEBTTOTAL!G130<=0, DEBTTOTAL!G130=""), 0, 1) -> 1 | H130: =IF(OR(DEBTTOTAL!H130<=0, DEBTTOTAL!H130=""), 0, 1) -> 1 | I130: =IF(OR(DEBTTOTAL!I130<=0, DEBTTOTAL!I130=""), 0, 1) -> 1 | ... BJ130: =IF(OR(DEBTTOTAL!BJ130<=0, DEBTTOTAL!BJ130=""), 0, 1) -> 1
A131: Eswatini | B131: =IF(OR(DEBTTOTAL!B131<=0, DEBTTOTAL!B131=""), 0, 1) -> 1 | C131: =IF(OR(DEBTTOTAL!C131<=0, DEBTTOTAL!C131=""), 0, 1) -> 1 | D131: =IF(OR(DEBTTOTAL!D131<=0, DEBTTOTAL!D131=""), 0, 1) -> 1 | E131: =IF(OR(DEBTTOTAL!E131<=0, DEBTTOTAL!E131=""), 0, 1) -> 1 | F131: =IF(OR(DEBTTOTAL!F131<=0, DEBTTOTAL!F131=""), 0, 1) -> 1 | G131: =IF(OR(DEBTTOTAL!G131<=0, DEBTTOTAL!G131=""), 0, 1) -> 1 | H131: =IF(OR(DEBTTOTAL!H131<=0, DEBTTOTAL!H131=""), 0, 1) -> 1 | I131: =IF(OR(DEBTTOTAL!I131<=0, DEBTTOTAL!I131=""), 0, 1) -> 1 | ... BJ131: =IF(OR(DEBTTOTAL!BJ131<=0, DEBTTOTAL!BJ131=""), 0, 1) -> 1
A132: =DEBTTOTAL!A132 -> Syria | B132: =IF(OR(DEBTTOTAL!B132<=0, DEBTTOTAL!B132=""), 0, 1) -> 0 | C132: =IF(OR(DEBTTOTAL!C132<=0, DEBTTOTAL!C132=""), 0, 1) -> 0 | D132: =IF(OR(DEBTTOTAL!D132<=0, DEBTTOTAL!D132=""), 0, 1) -> 0 | E132: =IF(OR(DEBTTOTAL!E132<=0, DEBTTOTAL!E132=""), 0, 1) -> 0 | F132: =IF(OR(DEBTTOTAL!F132<=0, DEBTTOTAL!F132=""), 0, 1) -> 0 | G132: =IF(OR(DEBTTOTAL!G132<=0, DEBTTOTAL!G132=""), 0, 1) -> 1 | H132: =IF(OR(DEBTTOTAL!H132<=0, DEBTTOTAL!H132=""), 0, 1) -> 0 | I132: =IF(OR(DEBTTOTAL!I132<=0, DEBTTOTAL!I132=""), 0, 1) -> 0 | ... BJ132: =IF(OR(DEBTTOTAL!BJ132<=0, DEBTTOTAL!BJ132=""), 0, 1) -> 1
A133: =DEBTTOTAL!A133 -> Tajikistan | B133: =IF(OR(DEBTTOTAL!B133<=0, DEBTTOTAL!B133=""), 0, 1) -> 1 | C133: =IF(OR(DEBTTOTAL!C133<=0, DEBTTOTAL!C133=""), 0, 1) -> 1 | D133: =IF(OR(DEBTTOTAL!D133<=0, DEBTTOTAL!D133=""), 0, 1) -> 1 | E133: =IF(OR(DEBTTOTAL!E133<=0, DEBTTOTAL!E133=""), 0, 1) -> 1 | F133: =IF(OR(DEBTTOTAL!F133<=0, DEBTTOTAL!F133=""), 0, 1) -> 1 | G133: =IF(OR(DEBTTOTAL!G133<=0, DEBTTOTAL!G133=""), 0, 1) -> 1 | H133: =IF(OR(DEBTTOTAL!H133<=0, DEBTTOTAL!H133=""), 0, 1) -> 1 | I133: =IF(OR(DEBTTOTAL!I133<=0, DEBTTOTAL!I133=""), 0, 1) -> 1 | ... BJ133: =IF(OR(DEBTTOTAL!BJ133<=0, DEBTTOTAL!BJ133=""), 0, 1) -> 1
A134: =DEBTTOTAL!A134 -> Tanzania | B134: =IF(OR(DEBTTOTAL!B134<=0, DEBTTOTAL!B134=""), 0, 1) -> 1 | C134: =IF(OR(DEBTTOTAL!C134<=0, DEBTTOTAL!C134=""), 0, 1) -> 0 | D134: =IF(OR(DEBTTOTAL!D134<=0, DEBTTOTAL!D134=""), 0, 1) -> 0 | E134: =IF(OR(DEBTTOTAL!E134<=0, DEBTTOTAL!E134=""), 0, 1) -> 0 | F134: =IF(OR(DEBTTOTAL!F134<=0, DEBTTOTAL!F134=""), 0, 1) -> 0 | G134: =IF(OR(DEBTTOTAL!G134<=0, DEBTTOTAL!G134=""), 0, 1) -> 0 | H134: =IF(OR(DEBTTOTAL!H134<=0, DEBTTOTAL!H134=""), 0, 1) -> 0 | I134: =IF(OR(DEBTTOTAL!I134<=0, DEBTTOTAL!I134=""), 0, 1) -> 0 | ... BJ134: =IF(OR(DEBTTOTAL!BJ134<=0, DEBTTOTAL!BJ134=""), 0, 1) -> 1
A135: =DEBTTOTAL!A135 -> Thailand | B135: =IF(OR(DEBTTOTAL!B135<=0, DEBTTOTAL!B135=""), 0, 1) -> 0 | C135: =IF(OR(DEBTTOTAL!C135<=0, DEBTTOTAL!C135=""), 0, 1) -> 0 | D135: =IF(OR(DEBTTOTAL!D135<=0, DEBTTOTAL!D135=""), 0, 1) -> 0 | E135: =IF(OR(DEBTTOTAL!E135<=0, DEBTTOTAL!E135=""), 0, 1) -> 0 | F135: =IF(OR(DEBTTOTAL!F135<=0, DEBTTOTAL!F135=""), 0, 1) -> 0 | G135: =IF(OR(DEBTTOTAL!G135<=0, DEBTTOTAL!G135=""), 0, 1) -> 0 | H135: =IF(OR(DEBTTOTAL!H135<=0, DEBTTOTAL!H135=""), 0, 1) -> 0 | I135: =IF(OR(DEBTTOTAL!I135<=0, DEBTTOTAL!I135=""), 0, 1) -> 0 | ... BJ135: =IF(OR(DEBTTOTAL!BJ135<=0, DEBTTOTAL!BJ135=""), 0, 1) -> 0
A136: =DEBTTOTAL!A136 -> Togo | B136: =IF(OR(DEBTTOTAL!B136<=0, DEBTTOTAL!B136=""), 0, 1) -> 0 | C136: =IF(OR(DEBTTOTAL!C136<=0, DEBTTOTAL!C136=""), 0, 1) -> 0 | D136: =IF(OR(DEBTTOTAL!D136<=0, DEBTTOTAL!D136=""), 0, 1) -> 0 | E136: =IF(OR(DEBTTOTAL!E136<=0, DEBTTOTAL!E136=""), 0, 1) -> 0 | F136: =IF(OR(DEBTTOTAL!F136<=0, DEBTTOTAL!F136=""), 0, 1) -> 0 | G136: =IF(OR(DEBTTOTAL!G136<=0, DEBTTOTAL!G136=""), 0, 1) -> 0 | H136: =IF(OR(DEBTTOTAL!H136<=0, DEBTTOTAL!H136=""), 0, 1) -> 0 | I136: =IF(OR(DEBTTOTAL!I136<=0, DEBTTOTAL!I136=""), 0, 1) -> 0 | ... BJ136: =IF(OR(DEBTTOTAL!BJ136<=0, DEBTTOTAL!BJ136=""), 0, 1) -> 1
A137: =DEBTTOTAL!A137 -> Tonga | B137: =IF(OR(DEBTTOTAL!B137<=0, DEBTTOTAL!B137=""), 0, 1) -> 1 | C137: =IF(OR(DEBTTOTAL!C137<=0, DEBTTOTAL!C137=""), 0, 1) -> 1 | D137: =IF(OR(DEBTTOTAL!D137<=0, DEBTTOTAL!D137=""), 0, 1) -> 1 | E137: =IF(OR(DEBTTOTAL!E137<=0, DEBTTOTAL!E137=""), 0, 1) -> 1 | F137: =IF(OR(DEBTTOTAL!F137<=0, DEBTTOTAL!F137=""), 0, 1) -> 1 | G137: =IF(OR(DEBTTOTAL!G137<=0, DEBTTOTAL!G137=""), 0, 1) -> 1 | H137: =IF(OR(DEBTTOTAL!H137<=0, DEBTTOTAL!H137=""), 0, 1) -> 1 | I137: =IF(OR(DEBTTOTAL!I137<=0, DEBTTOTAL!I137=""), 0, 1) -> 1 | ... BJ137: =IF(OR(DEBTTOTAL!BJ137<=0, DEBTTOTAL!BJ137=""), 0, 1) -> 1
A138: =DEBTTOTAL!A138 -> Trinidad & Tobago | B138: =IF(OR(DEBTTOTAL!B138<=0, DEBTTOTAL!B138=""), 0, 1) -> 1 | C138: =IF(OR(DEBTTOTAL!C138<=0, DEBTTOTAL!C138=""), 0, 1) -> 1 | D138: =IF(OR(DEBTTOTAL!D138<=0, DEBTTOTAL!D138=""), 0, 1) -> 0 | E138: =IF(OR(DEBTTOTAL!E138<=0, DEBTTOTAL!E138=""), 0, 1) -> 0 | F138: =IF(OR(DEBTTOTAL!F138<=0, DEBTTOTAL!F138=""), 0, 1) -> 0 | G138: =IF(OR(DEBTTOTAL!G138<=0, DEBTTOTAL!G138=""), 0, 1) -> 0 | H138: =IF(OR(DEBTTOTAL!H138<=0, DEBTTOTAL!H138=""), 0, 1) -> 0 | I138: =IF(OR(DEBTTOTAL!I138<=0, DEBTTOTAL!I138=""), 0, 1) -> 0 | ... BJ138: =IF(OR(DEBTTOTAL!BJ138<=0, DEBTTOTAL!BJ138=""), 0, 1) -> 0
A139: =DEBTTOTAL!A139 -> Tunisia | B139: =IF(OR(DEBTTOTAL!B139<=0, DEBTTOTAL!B139=""), 0, 1) -> 0 | C139: =IF(OR(DEBTTOTAL!C139<=0, DEBTTOTAL!C139=""), 0, 1) -> 0 | D139: =IF(OR(DEBTTOTAL!D139<=0, DEBTTOTAL!D139=""), 0, 1) -> 0 | E139: =IF(OR(DEBTTOTAL!E139<=0, DEBTTOTAL!E139=""), 0, 1) -> 0 | F139: =IF(OR(DEBTTOTAL!F139<=0, DEBTTOTAL!F139=""), 0, 1) -> 0 | G139: =IF(OR(DEBTTOTAL!G139<=0, DEBTTOTAL!G139=""), 0, 1) -> 0 | H139: =IF(OR(DEBTTOTAL!H139<=0, DEBTTOTAL!H139=""), 0, 1) -> 0 | I139: =IF(OR(DEBTTOTAL!I139<=0, DEBTTOTAL!I139=""), 0, 1) -> 0 | ... BJ139: =IF(OR(DEBTTOTAL!BJ139<=0, DEBTTOTAL!BJ139=""), 0, 1) -> 0
A140: =DEBTTOTAL!A140 -> Turkey | B140: =IF(OR(DEBTTOTAL!B140<=0, DEBTTOTAL!B140=""), 0, 1) -> 0 | C140: =IF(OR(DEBTTOTAL!C140<=0, DEBTTOTAL!C140=""), 0, 1) -> 0 | D140: =IF(OR(DEBTTOTAL!D140<=0, DEBTTOTAL!D140=""), 0, 1) -> 0 | E140: =IF(OR(DEBTTOTAL!E140<=0, DEBTTOTAL!E140=""), 0, 1) -> 0 | F140: =IF(OR(DEBTTOTAL!F140<=0, DEBTTOTAL!F140=""), 0, 1) -> 0 | G140: =IF(OR(DEBTTOTAL!G140<=0, DEBTTOTAL!G140=""), 0, 1) -> 1 | H140: =IF(OR(DEBTTOTAL!H140<=0, DEBTTOTAL!H140=""), 0, 1) -> 0 | I140: =IF(OR(DEBTTOTAL!I140<=0, DEBTTOTAL!I140=""), 0, 1) -> 0 | ... BJ140: =IF(OR(DEBTTOTAL!BJ140<=0, DEBTTOTAL!BJ140=""), 0, 1) -> 0
A141: =DEBTTOTAL!A141 -> Turkmenistan | B141: =IF(OR(DEBTTOTAL!B141<=0, DEBTTOTAL!B141=""), 0, 1) -> 1 | C141: =IF(OR(DEBTTOTAL!C141<=0, DEBTTOTAL!C141=""), 0, 1) -> 1 | D141: =IF(OR(DEBTTOTAL!D141<=0, DEBTTOTAL!D141=""), 0, 1) -> 1 | E141: =IF(OR(DEBTTOTAL!E141<=0, DEBTTOTAL!E141=""), 0, 1) -> 1 | F141: =IF(OR(DEBTTOTAL!F141<=0, DEBTTOTAL!F141=""), 0, 1) -> 1 | G141: =IF(OR(DEBTTOTAL!G141<=0, DEBTTOTAL!G141=""), 0, 1) -> 1 | H141: =IF(OR(DEBTTOTAL!H141<=0, DEBTTOTAL!H141=""), 0, 1) -> 1 | I141: =IF(OR(DEBTTOTAL!I141<=0, DEBTTOTAL!I141=""), 0, 1) -> 1 | ... BJ141: =IF(OR(DEBTTOTAL!BJ141<=0, DEBTTOTAL!BJ141=""), 0, 1) -> 1
A142: =DEBTTOTAL!A142 -> Tuvalu | B142: =IF(OR(DEBTTOTAL!B142<=0, DEBTTOTAL!B142=""), 0, 1) -> 1 | C142: =IF(OR(DEBTTOTAL!C142<=0, DEBTTOTAL!C142=""), 0, 1) -> 1 | D142: =IF(OR(DEBTTOTAL!D142<=0, DEBTTOTAL!D142=""), 0, 1) -> 1 | E142: =IF(OR(DEBTTOTAL!E142<=0, DEBTTOTAL!E142=""), 0, 1) -> 1 | F142: =IF(OR(DEBTTOTAL!F142<=0, DEBTTOTAL!F142=""), 0, 1) -> 1 | G142: =IF(OR(DEBTTOTAL!G142<=0, DEBTTOTAL!G142=""), 0, 1) -> 1 | H142: =IF(OR(DEBTTOTAL!H142<=0, DEBTTOTAL!H142=""), 0, 1) -> 1 | I142: =IF(OR(DEBTTOTAL!I142<=0, DEBTTOTAL!I142=""), 0, 1) -> 1 | ... BJ142: =IF(OR(DEBTTOTAL!BJ142<=0, DEBTTOTAL!BJ142=""), 0, 1) -> 1
A143: =DEBTTOTAL!A143 -> Uganda | B143: =IF(OR(DEBTTOTAL!B143<=0, DEBTTOTAL!B143=""), 0, 1) -> 1 | C143: =IF(OR(DEBTTOTAL!C143<=0, DEBTTOTAL!C143=""), 0, 1) -> 1 | D143: =IF(OR(DEBTTOTAL!D143<=0, DEBTTOTAL!D143=""), 0, 1) -> 0 | E143: =IF(OR(DEBTTOTAL!E143<=0, DEBTTOTAL!E143=""), 0, 1) -> 0 | F143: =IF(OR(DEBTTOTAL!F143<=0, DEBTTOTAL!F143=""), 0, 1) -> 0 | G143: =IF(OR(DEBTTOTAL!G143<=0, DEBTTOTAL!G143=""), 0, 1) -> 0 | H143: =IF(OR(DEBTTOTAL!H143<=0, DEBTTOTAL!H143=""), 0, 1) -> 0 | I143: =IF(OR(DEBTTOTAL!I143<=0, DEBTTOTAL!I143=""), 0, 1) -> 0 | ... BJ143: =IF(OR(DEBTTOTAL!BJ143<=0, DEBTTOTAL!BJ143=""), 0, 1) -> 1
... A145: =DEBTTOTAL!A145 -> Uruguay | B145: =IF(OR(DEBTTOTAL!B145<=0, DEBTTOTAL!B145=""), 0, 1) -> 0 | C145: =IF(OR(DEBTTOTAL!C145<=0, DEBTTOTAL!C145=""), 0, 1) -> 0 | D145: =IF(OR(DEBTTOTAL!D145<=0, DEBTTOTAL!D145=""), 0, 1) -> 0 | E145: =IF(OR(DEBTTOTAL!E145<=0, DEBTTOTAL!E145=""), 0, 1) -> 0 | F145: =IF(OR(DEBTTOTAL!F145<=0, DEBTTOTAL!F145=""), 0, 1) -> 0 | G145: =IF(OR(DEBTTOTAL!G145<=0, DEBTTOTAL!G145=""), 0, 1) -> 1 | H145: =IF(OR(DEBTTOTAL!H145<=0, DEBTTOTAL!H145=""), 0, 1) -> 0 | I145: =IF(OR(DEBTTOTAL!I145<=0, DEBTTOTAL!I145=""), 0, 1) -> 0 | ... BJ145: =IF(OR(DEBTTOTAL!BJ145<=0, DEBTTOTAL!BJ145=""), 0, 1) -> 0
A146: Russian Federation | B146: =IF(OR(DEBTTOTAL!B146<=0, DEBTTOTAL!B146=""), 0, 1) -> 0 | C146: =IF(OR(DEBTTOTAL!C146<=0, DEBTTOTAL!C146=""), 0, 1) -> 0 | D146: =IF(OR(DEBTTOTAL!D146<=0, DEBTTOTAL!D146=""), 0, 1) -> 0 | E146: =IF(OR(DEBTTOTAL!E146<=0, DEBTTOTAL!E146=""), 0, 1) -> 0 | F146: =IF(OR(DEBTTOTAL!F146<=0, DEBTTOTAL!F146=""), 0, 1) -> 0 | G146: =IF(OR(DEBTTOTAL!G146<=0, DEBTTOTAL!G146=""), 0, 1) -> 0 | H146: =IF(OR(DEBTTOTAL!H146<=0, DEBTTOTAL!H146=""), 0, 1) -> 0 | I146: =IF(OR(DEBTTOTAL!I146<=0, DEBTTOTAL!I146=""), 0, 1) -> 0 | ... BJ146: =IF(OR(DEBTTOTAL!BJ146<=0, DEBTTOTAL!BJ146=""), 0, 1) -> 0
A147: =DEBTTOTAL!A147 -> Uzbekistan | B147: =IF(OR(DEBTTOTAL!B147<=0, DEBTTOTAL!B147=""), 0, 1) -> 0 | C147: =IF(OR(DEBTTOTAL!C147<=0, DEBTTOTAL!C147=""), 0, 1) -> 0 | D147: =IF(OR(DEBTTOTAL!D147<=0, DEBTTOTAL!D147=""), 0, 1) -> 0 | E147: =IF(OR(DEBTTOTAL!E147<=0, DEBTTOTAL!E147=""), 0, 1) -> 0 | F147: =IF(OR(DEBTTOTAL!F147<=0, DEBTTOTAL!F147=""), 0, 1) -> 0 | G147: =IF(OR(DEBTTOTAL!G147<=0, DEBTTOTAL!G147=""), 0, 1) -> 0 | H147: =IF(OR(DEBTTOTAL!H147<=0, DEBTTOTAL!H147=""), 0, 1) -> 0 | I147: =IF(OR(DEBTTOTAL!I147<=0, DEBTTOTAL!I147=""), 0, 1) -> 0 | ... BJ147: =IF(OR(DEBTTOTAL!BJ147<=0, DEBTTOTAL!BJ147=""), 0, 1) -> 0
A148: =DEBTTOTAL!A148 -> Vanuatu | B148: =IF(OR(DEBTTOTAL!B148<=0, DEBTTOTAL!B148=""), 0, 1) -> 0 | C148: =IF(OR(DEBTTOTAL!C148<=0, DEBTTOTAL!C148=""), 0, 1) -> 0 | D148: =IF(OR(DEBTTOTAL!D148<=0, DEBTTOTAL!D148=""), 0, 1) -> 0 | E148: =IF(OR(DEBTTOTAL!E148<=0, DEBTTOTAL!E148=""), 0, 1) -> 0 | F148: =IF(OR(DEBTTOTAL!F148<=0, DEBTTOTAL!F148=""), 0, 1) -> 0 | G148: =IF(OR(DEBTTOTAL!G148<=0, DEBTTOTAL!G148=""), 0, 1) -> 0 | H148: =IF(OR(DEBTTOTAL!H148<=0, DEBTTOTAL!H148=""), 0, 1) -> 0 | I148: =IF(OR(DEBTTOTAL!I148<=0, DEBTTOTAL!I148=""), 0, 1) -> 0 | ... BJ148: =IF(OR(DEBTTOTAL!BJ148<=0, DEBTTOTAL!BJ148=""), 0, 1) -> 0
A149: =DEBTTOTAL!A149 -> Venezuela | B149: =IF(OR(DEBTTOTAL!B149<=0, DEBTTOTAL!B149=""), 0, 1) -> 0 | C149: =IF(OR(DEBTTOTAL!C149<=0, DEBTTOTAL!C149=""), 0, 1) -> 0 | D149: =IF(OR(DEBTTOTAL!D149<=0, DEBTTOTAL!D149=""), 0, 1) -> 0 | E149: =IF(OR(DEBTTOTAL!E149<=0, DEBTTOTAL!E149=""), 0, 1) -> 0 | F149: =IF(OR(DEBTTOTAL!F149<=0, DEBTTOTAL!F149=""), 0, 1) -> 0 | G149: =IF(OR(DEBTTOTAL!G149<=0, DEBTTOTAL!G149=""), 0, 1) -> 0 | H149: =IF(OR(DEBTTOTAL!H149<=0, DEBTTOTAL!H149=""), 0, 1) -> 0 | I149: =IF(OR(DEBTTOTAL!I149<=0, DEBTTOTAL!I149=""), 0, 1) -> 0 | ... BJ149: =IF(OR(DEBTTOTAL!BJ149<=0, DEBTTOTAL!BJ149=""), 0, 1) -> 1
A150: =DEBTTOTAL!A150 -> Vietnam | B150: =IF(OR(DEBTTOTAL!B150<=0, DEBTTOTAL!B150=""), 0, 1) -> 0 | C150: =IF(OR(DEBTTOTAL!C150<=0, DEBTTOTAL!C150=""), 0, 1) -> 0 | D150: =IF(OR(DEBTTOTAL!D150<=0, DEBTTOTAL!D150=""), 0, 1) -> 0 | E150: =IF(OR(DEBTTOTAL!E150<=0, DEBTTOTAL!E150=""), 0, 1) -> 0 | F150: =IF(OR(DEBTTOTAL!F150<=0, DEBTTOTAL!F150=""), 0, 1) -> 0 | G150: =IF(OR(DEBTTOTAL!G150<=0, DEBTTOTAL!G150=""), 0, 1) -> 0 | H150: =IF(OR(DEBTTOTAL!H150<=0, DEBTTOTAL!H150=""), 0, 1) -> 0 | I150: =IF(OR(DEBTTOTAL!I150<=0, DEBTTOTAL!I150=""), 0, 1) -> 0 | ... BJ150: =IF(OR(DEBTTOTAL!BJ150<=0, DEBTTOTAL!BJ150=""), 0, 1) -> 1
A151: West Bank and Gaza | B151: =IF(OR(DEBTTOTAL!B151<=0, DEBTTOTAL!B151=""), 0, 1) -> 1 | C151: =IF(OR(DEBTTOTAL!C151<=0, DEBTTOTAL!C151=""), 0, 1) -> 1 | D151: =IF(OR(DEBTTOTAL!D151<=0, DEBTTOTAL!D151=""), 0, 1) -> 1 | E151: =IF(OR(DEBTTOTAL!E151<=0, DEBTTOTAL!E151=""), 0, 1) -> 1 | F151: =IF(OR(DEBTTOTAL!F151<=0, DEBTTOTAL!F151=""), 0, 1) -> 1 | G151: =IF(OR(DEBTTOTAL!G151<=0, DEBTTOTAL!G151=""), 0, 1) -> 1 | H151: =IF(OR(DEBTTOTAL!H151<=0, DEBTTOTAL!H151=""), 0, 1) -> 1 | I151: =IF(OR(DEBTTOTAL!I151<=0, DEBTTOTAL!I151=""), 0, 1) -> 1 | ... BJ151: =IF(OR(DEBTTOTAL!BJ151<=0, DEBTTOTAL!BJ151=""), 0, 1) -> 1
A152: =DEBTTOTAL!A152 -> Yemen | B152: =IF(OR(DEBTTOTAL!B152<=0, DEBTTOTAL!B152=""), 0, 1) -> 1 | C152: =IF(OR(DEBTTOTAL!C152<=0, DEBTTOTAL!C152=""), 0, 1) -> 1 | D152: =IF(OR(DEBTTOTAL!D152<=0, DEBTTOTAL!D152=""), 0, 1) -> 1 | E152: =IF(OR(DEBTTOTAL!E152<=0, DEBTTOTAL!E152=""), 0, 1) -> 1 | F152: =IF(OR(DEBTTOTAL!F152<=0, DEBTTOTAL!F152=""), 0, 1) -> 1 | G152: =IF(OR(DEBTTOTAL!G152<=0, DEBTTOTAL!G152=""), 0, 1) -> 1 | H152: =IF(OR(DEBTTOTAL!H152<=0, DEBTTOTAL!H152=""), 0, 1) -> 1 | I152: =IF(OR(DEBTTOTAL!I152<=0, DEBTTOTAL!I152=""), 0, 1) -> 0 | ... BJ152: =IF(OR(DEBTTOTAL!BJ152<=0, DEBTTOTAL!BJ152=""), 0, 1) -> 1
A153: =DEBTTOTAL!A154 -> Zambia | B153: =IF(OR(DEBTTOTAL!B154<=0, DEBTTOTAL!B154=""), 0, 1) -> 0 | C153: =IF(OR(DEBTTOTAL!C154<=0, DEBTTOTAL!C154=""), 0, 1) -> 0 | D153: =IF(OR(DEBTTOTAL!D154<=0, DEBTTOTAL!D154=""), 0, 1) -> 0 | E153: =IF(OR(DEBTTOTAL!E154<=0, DEBTTOTAL!E154=""), 0, 1) -> 0 | F153: =IF(OR(DEBTTOTAL!F154<=0, DEBTTOTAL!F154=""), 0, 1) -> 0 | G153: =IF(OR(DEBTTOTAL!G154<=0, DEBTTOTAL!G154=""), 0, 1) -> 0 | H153: =IF(OR(DEBTTOTAL!H154<=0, DEBTTOTAL!H154=""), 0, 1) -> 0 | I153: =IF(OR(DEBTTOTAL!I154<=0, DEBTTOTAL!I154=""), 0, 1) -> 0 | ... BJ153: =IF(OR(DEBTTOTAL!BJ154<=0, DEBTTOTAL!BJ154=""), 0, 1) -> 1
A154: =DEBTTOTAL!A155 -> Zimbabwe | B154: =IF(OR(DEBTTOTAL!B155<=0, DEBTTOTAL!B155=""), 0, 1) -> 0 | C154: =IF(OR(DEBTTOTAL!C155<=0, DEBTTOTAL!C155=""), 0, 1) -> 0 | D154: =IF(OR(DEBTTOTAL!D155<=0, DEBTTOTAL!D155=""), 0, 1) -> 0 | E154: =IF(OR(DEBTTOTAL!E155<=0, DEBTTOTAL!E155=""), 0, 1) -> 0 | F154: =IF(OR(DEBTTOTAL!F155<=0, DEBTTOTAL!F155=""), 0, 1) -> 0 | G154: =IF(OR(DEBTTOTAL!G155<=0, DEBTTOTAL!G155=""), 0, 1) -> 1 | H154: =IF(OR(DEBTTOTAL!H155<=0, DEBTTOTAL!H155=""), 0, 1) -> 1 | I154: =IF(OR(DEBTTOTAL!I155<=0, DEBTTOTAL!I155=""), 0, 1) -> 1 | ... BJ154: =IF(OR(DEBTTOTAL!BJ155<=0, DEBTTOTAL!BJ155=""), 0, 1) -> 1
A156: Defaults | B156: =SUM(B2:B154) -> 47 | C156: =SUM(C2:C154) -> 47 | D156: =SUM(D2:D154) -> 42 | E156: =SUM(E2:E154) -> 43 | F156: =SUM(F2:F154) -> 44 | G156: =SUM(G2:G154) -> 50 | H156: =SUM(H2:H154) -> 40 | I156: =SUM(I2:I154) -> 42 | ... BJ156: =SUM(BJ2:BJ154) -> 94
A157: No Defaults | B157: =B161-B156 -> 106 | C157: =C161-C156 -> 106 | D157: =D161-D156 -> 111 | E157: =E161-E156 -> 110 | F157: =F161-F156 -> 109 | G157: =G161-G156 -> 103 | H157: =H161-H156 -> 113 | I157: =I161-I156 -> 111 | ... BJ157: =BJ161-BJ156 -> 59
A158: Defaults / No Defaults | B158: =B156/B157 -> 0.44339623 | C158: =C156/C157 -> 0.44339623 | D158: =D156/D157 -> 0.37837838 | E158: =E156/E157 -> 0.39090909 | F158: =F156/F157 -> 0.40366972 | G158: =G156/G157 -> 0.48543689 | H158: =H156/H157 -> 0.3539823 | I158: =I156/I157 -> 0.37837838 | ... BJ158: =BJ156/BJ157 -> 1.5932203
A159: Defaults / Total | B159: =B156/B161 -> 0.30718954 | C159: =C156/C161 -> 0.30718954 | D159: =D156/D161 -> 0.2745098 | E159: =E156/E161 -> 0.28104575 | F159: =F156/F161 -> 0.2875817 | G159: =G156/G161 -> 0.32679739 | H159: =H156/H161 -> 0.26143791 | I159: =I156/I161 -> 0.2745098 | ... BJ159: =BJ156/BJ161 -> 0.61437908
A161: Total | B161: =COUNT(B2:B154) -> 153 | C161: =COUNT(C2:C154) -> 153 | D161: =COUNT(D2:D154) -> 153 | E161: =COUNT(E2:E154) -> 153 | F161: =COUNT(F2:F154) -> 153 | G161: =COUNT(G2:G154) -> 153 | H161: =COUNT(H2:H154) -> 153 | I161: =COUNT(I2:I154) -> 153 | ... BJ161: =COUNT(BJ2:BJ154) -> 153

Sheet DefaultCount2019
B1: 2019
A2: =DEBTTOTAL!A2 -> Afghanistan | B2: =IF(OR(DEBTTOTAL!B3<=0, DEBTTOTAL!B3=""), 0, 1) -> 0
A3: =DEBTTOTAL!A3 -> Albania | B3: =IF(OR(DEBTTOTAL!B4<=0, DEBTTOTAL!B4=""), 0, 1) -> 0
A4: =DEBTTOTAL!A4 -> Algeria | B4: =IF(OR(DEBTTOTAL!B5<=0, DEBTTOTAL!B5=""), 0, 1) -> 0
A5: =DEBTTOTAL!A5 -> Angola | B5: =IF(OR(DEBTTOTAL!B6<=0, DEBTTOTAL!B6=""), 0, 1) -> 0
A6: =DEBTTOTAL!A6 -> Antigua and Barbuda | B6: =IF(OR(DEBTTOTAL!B7<=0, DEBTTOTAL!B7=""), 0, 1) -> 1
A7: =DEBTTOTAL!A7 -> Argentina | B7: =IF(OR(DEBTTOTAL!B8<=0, DEBTTOTAL!B8=""), 0, 1) -> 0
A8: =DEBTTOTAL!A8 -> Armenia | B8: =IF(OR(DEBTTOTAL!B9<=0, DEBTTOTAL!B9=""), 0, 1) -> 0
A9: =DEBTTOTAL!A9 -> Azerbaijan | B9: =IF(OR(DEBTTOTAL!B10<=0, DEBTTOTAL!B10=""), 0, 1) -> 0
A10: =DEBTTOTAL!A10 -> Bahamas | B10: =IF(OR(DEBTTOTAL!B11<=0, DEBTTOTAL!B11=""), 0, 1) -> 0
A11: =DEBTTOTAL!A11 -> Bangladesh | B11: =IF(OR(DEBTTOTAL!B12<=0, DEBTTOTAL!B12=""), 0, 1) -> 0
A12: =DEBTTOTAL!A12 -> Barbados | B12: =IF(OR(DEBTTOTAL!B13<=0, DEBTTOTAL!B13=""), 0, 1) -> 0
A13: =DEBTTOTAL!A13 -> Belarus | B13: =IF(OR(DEBTTOTAL!B14<=0, DEBTTOTAL!B14=""), 0, 1) -> 0
... A73: =DEBTTOTAL!A73 -> Kenya | B73: =IF(OR(DEBTTOTAL!B74<=0, DEBTTOTAL!B74=""), 0, 1) -> 0
A74: Korea, Dem. People's Rep. | B74: =IF(OR(DEBTTOTAL!B75<=0, DEBTTOTAL!B75=""), 0, 1) -> 1
A75: =DEBTTOTAL!A75 -> Kyrgyz Republic | B75: =IF(OR(DEBTTOTAL!B76<=0, DEBTTOTAL!B76=""), 0, 1) -> 0
A76: =DEBTTOTAL!A76 -> Laos | B76: =IF(OR(DEBTTOTAL!B77<=0, DEBTTOTAL!B77=""), 0, 1) -> 0
A77: =DEBTTOTAL!A77 -> Lebanon | B77: =IF(OR(DEBTTOTAL!B78<=0, DEBTTOTAL!B78=""), 0, 1) -> 1
A78: =DEBTTOTAL!A78 -> Lesotho | B78: =IF(OR(DEBTTOTAL!B79<=0, DEBTTOTAL!B79=""), 0, 1) -> 0
A79: =DEBTTOTAL!A79 -> Liberia | B79: =IF(OR(DEBTTOTAL!B80<=0, DEBTTOTAL!B80=""), 0, 1) -> 0
A80: =DEBTTOTAL!A80 -> Libya | B80: =IF(OR(DEBTTOTAL!B81<=0, DEBTTOTAL!B81=""), 0, 1) -> 0
A81: =DEBTTOTAL!A81 -> North Macedonia | B81: =IF(OR(DEBTTOTAL!B82<=0, DEBTTOTAL!B82=""), 0, 1) -> 0
A82: =DEBTTOTAL!A82 -> Madagascar | B82: =IF(OR(DEBTTOTAL!B83<=0, DEBTTOTAL!B83=""), 0, 1) -> 0
A83: =DEBTTOTAL!A83 -> Malawi | B83: =IF(OR(DEBTTOTAL!B84<=0, DEBTTOTAL!B84=""), 0, 1) -> 0
A84: =DEBTTOTAL!A84 -> Maldives | B84: =IF(OR(DEBTTOTAL!B85<=0, DEBTTOTAL!B85=""), 0, 1) -> 0
A85: =DEBTTOTAL!A85 -> Mali | B85: =IF(OR(DEBTTOTAL!B86<=0, DEBTTOTAL!B86=""), 0, 1) -> 0
A86: =DEBTTOTAL!A86 -> Mauritania | B86: =IF(OR(DEBTTOTAL!B87<=0, DEBTTOTAL!B87=""), 0, 1) -> 0
... A116: =DEBTTOTAL!A116 -> Samoa | B116: =IF(OR(DEBTTOTAL!B117<=0, DEBTTOTAL!B117=""), 0, 1) -> 1
A117: Sao Tome and Principe | B117: =IF(OR(DEBTTOTAL!B118<=0, DEBTTOTAL!B118=""), 0, 1) -> 0
A118: =DEBTTOTAL!A118 -> Senegal | B118: =IF(OR(DEBTTOTAL!B119<=0, DEBTTOTAL!B119=""), 0, 1) -> 1
A119: =DEBTTOTAL!A119 -> Serbia | B119: =IF(OR(DEBTTOTAL!B120<=0, DEBTTOTAL!B120=""), 0, 1) -> 1
A120: =DEBTTOTAL!A120 -> Seychelles | B120: =IF(OR(DEBTTOTAL!B121<=0, DEBTTOTAL!B121=""), 0, 1) -> 1
A121: =DEBTTOTAL!A121 -> Sierra Leone | B121: =IF(OR(DEBTTOTAL!B122<=0, DEBTTOTAL!B122=""), 0, 1) -> 1
A122: =DEBTTOTAL!A122 -> Sint Maarten | B122: =IF(OR(DEBTTOTAL!B123<=0, DEBTTOTAL!B123=""), 0, 1) -> 1
A123: =DEBTTOTAL!A123 -> Slovenia | B123: =IF(OR(DEBTTOTAL!B124<=0, DEBTTOTAL!B124=""), 0, 1) -> 1
A124: =DEBTTOTAL!A124 -> Solomon Islands | B124: =IF(OR(DEBTTOTAL!B125<=0, DEBTTOTAL!B125=""), 0, 1) -> 0
A125: =DEBTTOTAL!A125 -> Somalia | B125: =IF(OR(DEBTTOTAL!B126<=0, DEBTTOTAL!B126=""), 0, 1) -> 0
A126: =DEBTTOTAL!A126 -> South Africa | B126: =IF(OR(DEBTTOTAL!B127<=0, DEBTTOTAL!B127=""), 0, 1) -> 1
A127: =DEBTTOTAL!A127 -> South Sudan | B127: =IF(OR(DEBTTOTAL!B128<=0, DEBTTOTAL!B128=""), 0, 1) -> 0
A128: =DEBTTOTAL!A128 -> Sri Lanka | B128: =IF(OR(DEBTTOTAL!B129<=0, DEBTTOTAL!B129=""), 0, 1) -> 0
A129: =DEBTTOTAL!A129 -> Sudan | B129: =IF(OR(DEBTTOTAL!B130<=0, DEBTTOTAL!B130=""), 0, 1) -> 1
A130: =DEBTTOTAL!A130 -> Suriname | B130: =IF(OR(DEBTTOTAL!B131<=0, DEBTTOTAL!B131=""), 0, 1) -> 1
A131: Eswatini | B131: =IF(OR(DEBTTOTAL!B132<=0, DEBTTOTAL!B132=""), 0, 1) -> 0
A132: =DEBTTOTAL!A132 -> Syria | B132: =IF(OR(DEBTTOTAL!B133<=0, DEBTTOTAL!B133=""), 0, 1) -> 1
A133: =DEBTTOTAL!A133 -> Tajikistan | B133: =IF(OR(DEBTTOTAL!B134<=0, DEBTTOTAL!B134=""), 0, 1) -> 1
A134: =DEBTTOTAL!A134 -> Tanzania | B134: =IF(OR(DEBTTOTAL!B135<=0, DEBTTOTAL!B135=""), 0, 1) -> 0
A135: =DEBTTOTAL!A135 -> Thailand | B135: =IF(OR(DEBTTOTAL!B136<=0, DEBTTOTAL!B136=""), 0, 1) -> 0
A136: =DEBTTOTAL!A136 -> Togo | B136: =IF(OR(DEBTTOTAL!B137<=0, DEBTTOTAL!B137=""), 0, 1) -> 1
A137: =DEBTTOTAL!A137 -> Tonga | B137: =IF(OR(DEBTTOTAL!B138<=0, DEBTTOTAL!B138=""), 0, 1) -> 1
A138: =DEBTTOTAL!A138 -> Trinidad & Tobago | B138: =IF(OR(DEBTTOTAL!B139<=0, DEBTTOTAL!B139=""), 0, 1) -> 0
A139: =DEBTTOTAL!A139 -> Tunisia | B139: =IF(OR(DEBTTOTAL!B140<=0, DEBTTOTAL!B140=""), 0, 1) -> 0
A140: =DEBTTOTAL!A140 -> Turkey | B140: =IF(OR(DEBTTOTAL!B141<=0, DEBTTOTAL!B141=""), 0, 1) -> 1
A141: =DEBTTOTAL!A141 -> Turkmenistan | B141: =IF(OR(DEBTTOTAL!B142<=0, DEBTTOTAL!B142=""), 0, 1) -> 1
A142: =DEBTTOTAL!A142 -> Tuvalu | B142: =IF(OR(DEBTTOTAL!B143<=0, DEBTTOTAL!B143=""), 0, 1) -> 1
A143: =DEBTTOTAL!A143 -> Uganda | B143: =IF(OR(DEBTTOTAL!B144<=0, DEBTTOTAL!B144=""), 0, 1) -> 1
... A145: =DEBTTOTAL!A145 -> Uruguay | B145: =IF(OR(DEBTTOTAL!B146<=0, DEBTTOTAL!B146=""), 0, 1) -> 0
A146: Russian Federation | B146: =IF(OR(DEBTTOTAL!B147<=0, DEBTTOTAL!B147=""), 0, 1) -> 0
A147: =DEBTTOTAL!A147 -> Uzbekistan | B147: =IF(OR(DEBTTOTAL!B148<=0, DEBTTOTAL!B148=""), 0, 1) -> 0
A148: =DEBTTOTAL!A148 -> Vanuatu | B148: =IF(OR(DEBTTOTAL!B149<=0, DEBTTOTAL!B149=""), 0, 1) -> 0
A149: =DEBTTOTAL!A149 -> Venezuela | B149: =IF(OR(DEBTTOTAL!B150<=0, DEBTTOTAL!B150=""), 0, 1) -> 0
A150: =DEBTTOTAL!A150 -> Vietnam | B150: =IF(OR(DEBTTOTAL!B151<=0, DEBTTOTAL!B151=""), 0, 1) -> 1
A151: West Bank and Gaza | B151: =IF(OR(DEBTTOTAL!B152<=0, DEBTTOTAL!B152=""), 0, 1) -> 1
A152: =DEBTTOTAL!A152 -> Yemen | B152: =IF(OR(DEBTTOTAL!B153<=0, DEBTTOTAL!B153=""), 0, 1) -> 1
A153: =DEBTTOTAL!A154 -> Zambia | B153: =IF(OR(DEBTTOTAL!B155<=0, DEBTTOTAL!B155=""), 0, 1) -> 0
A154: =DEBTTOTAL!A155 -> Zimbabwe | B154: =IF(OR(DEBTTOTAL!B156<=0, DEBTTOTAL!B156=""), 0, 1) -> 0
